Dependency=Geometry Building Type RECS	Dependency=Vintage	Dependency=Heating Fuel	Dependency=HVAC System Is Shared	Option=None	Option=Fan Coil Heating And Cooling	Option=Fan Coil Cooling Only	Option=Boiler Baseboards Heating Only	Option=PTAC Heating And Cooling	resstock_probability
Mobile Home	<1940	Electricity	Both Shared	1.0	0.0	0.0	0.0	0.0	0.0
Mobile Home	<1940	Electricity	Neither Shared	1.0	0.0	0.0	0.0	0.0	0.014741200000000003
Mobile Home	<1940	Electricity	Only Cooling Shared	1.0	0.0	0.0	0.0	0.0	0.0
Mobile Home	<1940	Electricity	Only Heating Shared	1.0	0.0	0.0	0.0	0.0	0.0
Mobile Home	1940s	Electricity	Both Shared	1.0	0.0	0.0	0.0	0.0	0.0
Mobile Home	1940s	Electricity	Neither Shared	1.0	0.0	0.0	0.0	0.0	0.029482400000000013
Mobile Home	1940s	Electricity	Only Cooling Shared	1.0	0.0	0.0	0.0	0.0	0.0
Mobile Home	1940s	Electricity	Only Heating Shared	1.0	0.0	0.0	0.0	0.0	0.0
Mobile Home	1950s	Electricity	Both Shared	1.0	0.0	0.0	0.0	0.0	0.0
Mobile Home	1950s	Electricity	Neither Shared	1.0	0.0	0.0	0.0	0.0	0.014741200000000003
Mobile Home	1950s	Electricity	Only Cooling Shared	1.0	0.0	0.0	0.0	0.0	0.0
Mobile Home	1950s	Electricity	Only Heating Shared	1.0	0.0	0.0	0.0	0.0	0.0
Mobile Home	1960s	Electricity	Both Shared	1.0	0.0	0.0	0.0	0.0	0.0
Mobile Home	1960s	Electricity	Neither Shared	1.0	0.0	0.0	0.0	0.0	0.014741200000000003
Mobile Home	1960s	Electricity	Only Cooling Shared	1.0	0.0	0.0	0.0	0.0	0.0
Mobile Home	1960s	Electricity	Only Heating Shared	1.0	0.0	0.0	0.0	0.0	0.0
Mobile Home	1970s	Electricity	Both Shared	1.0	0.0	0.0	0.0	0.0	0.0
Mobile Home	1970s	Electricity	Neither Shared	1.0	0.0	0.0	0.0	0.0	0.014741200000000003
Mobile Home	1970s	Electricity	Only Cooling Shared	1.0	0.0	0.0	0.0	0.0	0.0
Mobile Home	1970s	Electricity	Only Heating Shared	1.0	0.0	0.0	0.0	0.0	0.0
Mobile Home	1980s	Electricity	Both Shared	1.0	0.0	0.0	0.0	0.0	0.0
Mobile Home	1980s	Electricity	Neither Shared	1.0	0.0	0.0	0.0	0.0	0.014741200000000003
Mobile Home	1980s	Electricity	Only Cooling Shared	1.0	0.0	0.0	0.0	0.0	0.0
Mobile Home	1980s	Electricity	Only Heating Shared	1.0	0.0	0.0	0.0	0.0	0.0
Mobile Home	1990s	Electricity	Both Shared	1.0	0.0	0.0	0.0	0.0	0.0
Mobile Home	1990s	Electricity	Neither Shared	1.0	0.0	0.0	0.0	0.0	0.014741200000000003
Mobile Home	1990s	Electricity	Only Cooling Shared	1.0	0.0	0.0	0.0	0.0	0.0
Mobile Home	1990s	Electricity	Only Heating Shared	1.0	0.0	0.0	0.0	0.0	0.0
Mobile Home	2000s	Electricity	Both Shared	1.0	0.0	0.0	0.0	0.0	0.0
Mobile Home	2000s	Electricity	Neither Shared	1.0	0.0	0.0	0.0	0.0	0.014741200000000003
Mobile Home	2000s	Electricity	Only Cooling Shared	1.0	0.0	0.0	0.0	0.0	0.0
Mobile Home	2000s	Electricity	Only Heating Shared	1.0	0.0	0.0	0.0	0.0	0.0
Mobile Home	2010s	Electricity	Both Shared	1.0	0.0	0.0	0.0	0.0	0.0
Mobile Home	2010s	Electricity	Neither Shared	1.0	0.0	0.0	0.0	0.0	0.014741200000000003
Mobile Home	2010s	Electricity	Only Cooling Shared	1.0	0.0	0.0	0.0	0.0	0.0
Mobile Home	2010s	Electricity	Only Heating Shared	1.0	0.0	0.0	0.0	0.0	0.0
Multi-Family with 2 - 4 Units	<1940	Electricity	Both Shared	1.0	0.0	0.0	0.0	0.0	0.00021995344520000005
Multi-Family with 2 - 4 Units	<1940	Electricity	Neither Shared	1.0	0.0	0.0	0.0	0.0	0.012700988437600003
Multi-Family with 2 - 4 Units	<1940	Electricity	Only Cooling Shared	1.0	0.0	0.0	0.0	0.0	0.0004027295840000001
Multi-Family with 2 - 4 Units	<1940	Electricity	Only Heating Shared	1.0	0.0	0.0	0.0	0.0	0.0014175285332000001
Multi-Family with 2 - 4 Units	1940s	Electricity	Both Shared	1.0	0.0	0.0	0.0	0.0	0.0004399068904000001
Multi-Family with 2 - 4 Units	1940s	Electricity	Neither Shared	1.0	0.0	0.0	0.0	0.0	0.025401976875200006
Multi-Family with 2 - 4 Units	1940s	Electricity	Only Cooling Shared	1.0	0.0	0.0	0.0	0.0	0.0008054591680000002
Multi-Family with 2 - 4 Units	1940s	Electricity	Only Heating Shared	1.0	0.0	0.0	0.0	0.0	0.0028350570664000003
Multi-Family with 2 - 4 Units	1950s	Electricity	Both Shared	1.0	0.0	0.0	0.0	0.0	0.0
Multi-Family with 2 - 4 Units	1950s	Electricity	Neither Shared	1.0	0.0	0.0	0.0	0.0	0.01395107168
Multi-Family with 2 - 4 Units	1950s	Electricity	Only Cooling Shared	1.0	0.0	0.0	0.0	0.0	0.0004020220064
Multi-Family with 2 - 4 Units	1950s	Electricity	Only Heating Shared	1.0	0.0	0.0	0.0	0.0	0.0003881063136
Multi-Family with 2 - 4 Units	1960s	Electricity	Both Shared	1.0	0.0	0.0	0.0	0.0	0.0
Multi-Family with 2 - 4 Units	1960s	Electricity	Neither Shared	1.0	0.0	0.0	0.0	0.0	0.0128211292176
Multi-Family with 2 - 4 Units	1960s	Electricity	Only Cooling Shared	1.0	0.0	0.0	0.0	0.0	0.0002505856588
Multi-Family with 2 - 4 Units	1960s	Electricity	Only Heating Shared	1.0	0.0	0.0	0.0	0.0	0.0016694851236
Multi-Family with 2 - 4 Units	1970s	Electricity	Both Shared	1.0	0.0	0.0	0.0	0.0	0.0004697725616000001
Multi-Family with 2 - 4 Units	1970s	Electricity	Neither Shared	1.0	0.0	0.0	0.0	0.0	0.012993394880800003
Multi-Family with 2 - 4 Units	1970s	Electricity	Only Cooling Shared	1.0	0.0	0.0	0.0	0.0	0.00011664711560000003
Multi-Family with 2 - 4 Units	1970s	Electricity	Only Heating Shared	1.0	0.0	0.0	0.0	0.0	0.0011613854420000004
Multi-Family with 2 - 4 Units	1980s	Electricity	Both Shared	1.0	0.0	0.0	0.0	0.0	0.0
Multi-Family with 2 - 4 Units	1980s	Electricity	Neither Shared	1.0	0.0	0.0	0.0	0.0	0.013681602544000002
Multi-Family with 2 - 4 Units	1980s	Electricity	Only Cooling Shared	1.0	0.0	0.0	0.0	0.0	0.0
Multi-Family with 2 - 4 Units	1980s	Electricity	Only Heating Shared	1.0	0.0	0.0	0.0	0.0	0.0010595974560000001
Multi-Family with 2 - 4 Units	1990s	Electricity	Both Shared	1.0	0.0	0.0	0.0	0.0	0.0
Multi-Family with 2 - 4 Units	1990s	Electricity	Neither Shared	1.0	0.0	0.0	0.0	0.0	0.014741200000000003
Multi-Family with 2 - 4 Units	1990s	Electricity	Only Cooling Shared	1.0	0.0	0.0	0.0	0.0	0.0
Multi-Family with 2 - 4 Units	1990s	Electricity	Only Heating Shared	1.0	0.0	0.0	0.0	0.0	0.0
Multi-Family with 2 - 4 Units	2000s	Electricity	Both Shared	1.0	0.0	0.0	0.0	0.0	0.0
Multi-Family with 2 - 4 Units	2000s	Electricity	Neither Shared	1.0	0.0	0.0	0.0	0.0	0.014741200000000003
Multi-Family with 2 - 4 Units	2000s	Electricity	Only Cooling Shared	1.0	0.0	0.0	0.0	0.0	0.0
Multi-Family with 2 - 4 Units	2000s	Electricity	Only Heating Shared	1.0	0.0	0.0	0.0	0.0	0.0
Multi-Family with 2 - 4 Units	2010s	Electricity	Both Shared	1.0	0.0	0.0	0.0	0.0	0.0
Multi-Family with 2 - 4 Units	2010s	Electricity	Neither Shared	1.0	0.0	0.0	0.0	0.0	0.014741200000000003
Multi-Family with 2 - 4 Units	2010s	Electricity	Only Cooling Shared	1.0	0.0	0.0	0.0	0.0	0.0
Multi-Family with 2 - 4 Units	2010s	Electricity	Only Heating Shared	1.0	0.0	0.0	0.0	0.0	0.0
Multi-Family with 5+ Units	<1940	Electricity	Both Shared	1.0	0.0	0.0	0.0	0.0	0.0008828209856000001
Multi-Family with 5+ Units	<1940	Electricity	Neither Shared	1.0	0.0	0.0	0.0	0.0	0.010731976871200003
Multi-Family with 5+ Units	<1940	Electricity	Only Cooling Shared	1.0	0.0	0.0	0.0	0.0	9.621581240000001e-05
Multi-Family with 5+ Units	<1940	Electricity	Only Heating Shared	1.0	0.0	0.0	0.0	0.0	0.0030301863308000005
Multi-Family with 5+ Units	1940s	Electricity	Both Shared	1.0	0.0	0.0	0.0	0.0	0.0017656419712000003
Multi-Family with 5+ Units	1940s	Electricity	Neither Shared	1.0	0.0	0.0	0.0	0.0	0.021463953742400007
Multi-Family with 5+ Units	1940s	Electricity	Only Cooling Shared	1.0	0.0	0.0	0.0	0.0	0.00019243162480000003
Multi-Family with 5+ Units	1940s	Electricity	Only Heating Shared	1.0	0.0	0.0	0.0	0.0	0.006060372661600001
Multi-Family with 5+ Units	1950s	Electricity	Both Shared	1.0	0.0	0.0	0.0	0.0	0.0005812602572000001
Multi-Family with 5+ Units	1950s	Electricity	Neither Shared	1.0	0.0	0.0	0.0	0.0	0.011793564389200002
Multi-Family with 5+ Units	1950s	Electricity	Only Cooling Shared	1.0	0.0	0.0	0.0	0.0	0.0
Multi-Family with 5+ Units	1950s	Electricity	Only Heating Shared	1.0	0.0	0.0	0.0	0.0	0.0023663753536000004
Multi-Family with 5+ Units	1960s	Electricity	Both Shared	1.0	0.0	0.0	0.0	0.0	0.0010903475992000001
Multi-Family with 5+ Units	1960s	Electricity	Neither Shared	1.0	0.0	0.0	0.0	0.0	0.011968188644400003
Multi-Family with 5+ Units	1960s	Electricity	Only Cooling Shared	1.0	0.0	0.0	0.0	0.0	0.0004278485888000001
Multi-Family with 5+ Units	1960s	Electricity	Only Heating Shared	1.0	0.0	0.0	0.0	0.0	0.0012548151676000003
Multi-Family with 5+ Units	1970s	Electricity	Both Shared	1.0	0.0	0.0	0.0	0.0	0.0009133205284000001
Multi-Family with 5+ Units	1970s	Electricity	Neither Shared	1.0	0.0	0.0	0.0	0.0	0.012513760456399998
Multi-Family with 5+ Units	1970s	Electricity	Only Cooling Shared	1.0	0.0	0.0	0.0	0.0	0.0004660430379999999
Multi-Family with 5+ Units	1970s	Electricity	Only Heating Shared	1.0	0.0	0.0	0.0	0.0	0.0008480759771999997
Multi-Family with 5+ Units	1980s	Electricity	Both Shared	1.0	0.0	0.0	0.0	0.0	0.00046961040840000015
Multi-Family with 5+ Units	1980s	Electricity	Neither Shared	1.0	0.0	0.0	0.0	0.0	0.012949303951600002
Multi-Family with 5+ Units	1980s	Electricity	Only Cooling Shared	1.0	0.0	0.0	0.0	0.0	0.0003456663988000001
Multi-Family with 5+ Units	1980s	Electricity	Only Heating Shared	1.0	0.0	0.0	0.0	0.0	0.0009766192412000003
Multi-Family with 5+ Units	1990s	Electricity	Both Shared	1.0	0.0	0.0	0.0	0.0	0.00048657704302247043
Multi-Family with 5+ Units	1990s	Electricity	Neither Shared	1.0	0.0	0.0	0.0	0.0	0.01360782397136242
Multi-Family with 5+ Units	1990s	Electricity	Only Cooling Shared	1.0	0.0	0.0	0.0	0.0	6.77062638936684e-05
Multi-Family with 5+ Units	1990s	Electricity	Only Heating Shared	1.0	0.0	0.0	0.0	0.0	0.0005790632393361815
Multi-Family with 5+ Units	2000s	Electricity	Both Shared	1.0	0.0	0.0	0.0	0.0	0.00033882614317351793
Multi-Family with 5+ Units	2000s	Electricity	Neither Shared	1.0	0.0	0.0	0.0	0.0	0.012673306531880793
Multi-Family with 5+ Units	2000s	Electricity	Only Cooling Shared	1.0	0.0	0.0	0.0	0.0	0.0005407214164780428
Multi-Family with 5+ Units	2000s	Electricity	Only Heating Shared	1.0	0.0	0.0	0.0	0.0	0.0011883164260823855
Multi-Family with 5+ Units	2010s	Electricity	Both Shared	1.0	0.0	0.0	0.0	0.0	0.00033882614317351793
Multi-Family with 5+ Units	2010s	Electricity	Neither Shared	1.0	0.0	0.0	0.0	0.0	0.012673306531880793
Multi-Family with 5+ Units	2010s	Electricity	Only Cooling Shared	1.0	0.0	0.0	0.0	0.0	0.0005407214164780428
Multi-Family with 5+ Units	2010s	Electricity	Only Heating Shared	1.0	0.0	0.0	0.0	0.0	0.0011883164260823855
Single-Family Attached	<1940	Electricity	Both Shared	1.0	0.0	0.0	0.0	0.0	0.0
Single-Family Attached	<1940	Electricity	Neither Shared	1.0	0.0	0.0	0.0	0.0	0.012706442681600006
Single-Family Attached	<1940	Electricity	Only Cooling Shared	1.0	0.0	0.0	0.0	0.0	0.0
Single-Family Attached	<1940	Electricity	Only Heating Shared	1.0	0.0	0.0	0.0	0.0	0.0020347573184000007
Single-Family Attached	1940s	Electricity	Both Shared	1.0	0.0	0.0	0.0	0.0	0.0
Single-Family Attached	1940s	Electricity	Neither Shared	1.0	0.0	0.0	0.0	0.0	0.02541288536320001
Single-Family Attached	1940s	Electricity	Only Cooling Shared	1.0	0.0	0.0	0.0	0.0	0.0
Single-Family Attached	1940s	Electricity	Only Heating Shared	1.0	0.0	0.0	0.0	0.0	0.004069514636800001
Single-Family Attached	1950s	Electricity	Both Shared	1.0	0.0	0.0	0.0	0.0	0.0
Single-Family Attached	1950s	Electricity	Neither Shared	1.0	0.0	0.0	0.0	0.0	0.014741200000000003
Single-Family Attached	1950s	Electricity	Only Cooling Shared	1.0	0.0	0.0	0.0	0.0	0.0
Single-Family Attached	1950s	Electricity	Only Heating Shared	1.0	0.0	0.0	0.0	0.0	0.0
Single-Family Attached	1960s	Electricity	Both Shared	1.0	0.0	0.0	0.0	0.0	0.0
Single-Family Attached	1960s	Electricity	Neither Shared	1.0	0.0	0.0	0.0	0.0	0.014741200000000003
Single-Family Attached	1960s	Electricity	Only Cooling Shared	1.0	0.0	0.0	0.0	0.0	0.0
Single-Family Attached	1960s	Electricity	Only Heating Shared	1.0	0.0	0.0	0.0	0.0	0.0
Single-Family Attached	1970s	Electricity	Both Shared	1.0	0.0	0.0	0.0	0.0	0.0
Single-Family Attached	1970s	Electricity	Neither Shared	1.0	0.0	0.0	0.0	0.0	0.014741200000000003
Single-Family Attached	1970s	Electricity	Only Cooling Shared	1.0	0.0	0.0	0.0	0.0	0.0
Single-Family Attached	1970s	Electricity	Only Heating Shared	1.0	0.0	0.0	0.0	0.0	0.0
Single-Family Attached	1980s	Electricity	Both Shared	1.0	0.0	0.0	0.0	0.0	0.0
Single-Family Attached	1980s	Electricity	Neither Shared	1.0	0.0	0.0	0.0	0.0	0.014646251930800002
Single-Family Attached	1980s	Electricity	Only Cooling Shared	1.0	0.0	0.0	0.0	0.0	9.494806920000002e-05
Single-Family Attached	1980s	Electricity	Only Heating Shared	1.0	0.0	0.0	0.0	0.0	0.0
Single-Family Attached	1990s	Electricity	Both Shared	1.0	0.0	0.0	0.0	0.0	0.0
Single-Family Attached	1990s	Electricity	Neither Shared	1.0	0.0	0.0	0.0	0.0	0.014741200000000003
Single-Family Attached	1990s	Electricity	Only Cooling Shared	1.0	0.0	0.0	0.0	0.0	0.0
Single-Family Attached	1990s	Electricity	Only Heating Shared	1.0	0.0	0.0	0.0	0.0	0.0
Single-Family Attached	2000s	Electricity	Both Shared	1.0	0.0	0.0	0.0	0.0	3.8621944e-05
Single-Family Attached	2000s	Electricity	Neither Shared	1.0	0.0	0.0	0.0	0.0	0.014702578056
Single-Family Attached	2000s	Electricity	Only Cooling Shared	1.0	0.0	0.0	0.0	0.0	0.0
Single-Family Attached	2000s	Electricity	Only Heating Shared	1.0	0.0	0.0	0.0	0.0	0.0
Single-Family Attached	2010s	Electricity	Both Shared	1.0	0.0	0.0	0.0	0.0	3.8621944e-05
Single-Family Attached	2010s	Electricity	Neither Shared	1.0	0.0	0.0	0.0	0.0	0.014702578056
Single-Family Attached	2010s	Electricity	Only Cooling Shared	1.0	0.0	0.0	0.0	0.0	0.0
Single-Family Attached	2010s	Electricity	Only Heating Shared	1.0	0.0	0.0	0.0	0.0	0.0
Single-Family Detached	<1940	Electricity	Both Shared	1.0	0.0	0.0	0.0	0.0	0.0
Single-Family Detached	<1940	Electricity	Neither Shared	1.0	0.0	0.0	0.0	0.0	0.014741200000000003
Single-Family Detached	<1940	Electricity	Only Cooling Shared	1.0	0.0	0.0	0.0	0.0	0.0
Single-Family Detached	<1940	Electricity	Only Heating Shared	1.0	0.0	0.0	0.0	0.0	0.0
Single-Family Detached	1940s	Electricity	Both Shared	1.0	0.0	0.0	0.0	0.0	0.0
Single-Family Detached	1940s	Electricity	Neither Shared	1.0	0.0	0.0	0.0	0.0	0.029482400000000013
Single-Family Detached	1940s	Electricity	Only Cooling Shared	1.0	0.0	0.0	0.0	0.0	0.0
Single-Family Detached	1940s	Electricity	Only Heating Shared	1.0	0.0	0.0	0.0	0.0	0.0
Single-Family Detached	1950s	Electricity	Both Shared	1.0	0.0	0.0	0.0	0.0	0.0
Single-Family Detached	1950s	Electricity	Neither Shared	1.0	0.0	0.0	0.0	0.0	0.014741200000000003
Single-Family Detached	1950s	Electricity	Only Cooling Shared	1.0	0.0	0.0	0.0	0.0	0.0
Single-Family Detached	1950s	Electricity	Only Heating Shared	1.0	0.0	0.0	0.0	0.0	0.0
Single-Family Detached	1960s	Electricity	Both Shared	1.0	0.0	0.0	0.0	0.0	0.0
Single-Family Detached	1960s	Electricity	Neither Shared	1.0	0.0	0.0	0.0	0.0	0.014741200000000003
Single-Family Detached	1960s	Electricity	Only Cooling Shared	1.0	0.0	0.0	0.0	0.0	0.0
Single-Family Detached	1960s	Electricity	Only Heating Shared	1.0	0.0	0.0	0.0	0.0	0.0
Single-Family Detached	1970s	Electricity	Both Shared	1.0	0.0	0.0	0.0	0.0	0.0
Single-Family Detached	1970s	Electricity	Neither Shared	1.0	0.0	0.0	0.0	0.0	0.014741200000000003
Single-Family Detached	1970s	Electricity	Only Cooling Shared	1.0	0.0	0.0	0.0	0.0	0.0
Single-Family Detached	1970s	Electricity	Only Heating Shared	1.0	0.0	0.0	0.0	0.0	0.0
Single-Family Detached	1980s	Electricity	Both Shared	1.0	0.0	0.0	0.0	0.0	0.0
Single-Family Detached	1980s	Electricity	Neither Shared	1.0	0.0	0.0	0.0	0.0	0.014741200000000003
Single-Family Detached	1980s	Electricity	Only Cooling Shared	1.0	0.0	0.0	0.0	0.0	0.0
Single-Family Detached	1980s	Electricity	Only Heating Shared	1.0	0.0	0.0	0.0	0.0	0.0
Single-Family Detached	1990s	Electricity	Both Shared	1.0	0.0	0.0	0.0	0.0	0.0
Single-Family Detached	1990s	Electricity	Neither Shared	1.0	0.0	0.0	0.0	0.0	0.014741200000000003
Single-Family Detached	1990s	Electricity	Only Cooling Shared	1.0	0.0	0.0	0.0	0.0	0.0
Single-Family Detached	1990s	Electricity	Only Heating Shared	1.0	0.0	0.0	0.0	0.0	0.0
Single-Family Detached	2000s	Electricity	Both Shared	1.0	0.0	0.0	0.0	0.0	0.0
Single-Family Detached	2000s	Electricity	Neither Shared	1.0	0.0	0.0	0.0	0.0	0.014741200000000003
Single-Family Detached	2000s	Electricity	Only Cooling Shared	1.0	0.0	0.0	0.0	0.0	0.0
Single-Family Detached	2000s	Electricity	Only Heating Shared	1.0	0.0	0.0	0.0	0.0	0.0
Single-Family Detached	2010s	Electricity	Both Shared	1.0	0.0	0.0	0.0	0.0	0.0
Single-Family Detached	2010s	Electricity	Neither Shared	1.0	0.0	0.0	0.0	0.0	0.014741200000000003
Single-Family Detached	2010s	Electricity	Only Cooling Shared	1.0	0.0	0.0	0.0	0.0	0.0
Single-Family Detached	2010s	Electricity	Only Heating Shared	1.0	0.0	0.0	0.0	0.0	0.0
Mobile Home	<1940	Fuel Oil	Both Shared	1.0	0.0	0.0	0.0	0.0	0.0
Mobile Home	<1940	Fuel Oil	Neither Shared	1.0	0.0	0.0	0.0	0.0	0.0
Mobile Home	<1940	Fuel Oil	Only Cooling Shared	1.0	0.0	0.0	0.0	0.0	0.0
Mobile Home	<1940	Fuel Oil	Only Heating Shared	1.0	0.0	0.0	0.0	0.0	0.0
Mobile Home	1940s	Fuel Oil	Both Shared	1.0	0.0	0.0	0.0	0.0	0.0
Mobile Home	1940s	Fuel Oil	Neither Shared	1.0	0.0	0.0	0.0	0.0	0.0
Mobile Home	1940s	Fuel Oil	Only Cooling Shared	1.0	0.0	0.0	0.0	0.0	0.0
Mobile Home	1940s	Fuel Oil	Only Heating Shared	1.0	0.0	0.0	0.0	0.0	0.0
Mobile Home	1950s	Fuel Oil	Both Shared	1.0	0.0	0.0	0.0	0.0	0.0
Mobile Home	1950s	Fuel Oil	Neither Shared	1.0	0.0	0.0	0.0	0.0	0.0
Mobile Home	1950s	Fuel Oil	Only Cooling Shared	1.0	0.0	0.0	0.0	0.0	0.0
Mobile Home	1950s	Fuel Oil	Only Heating Shared	1.0	0.0	0.0	0.0	0.0	0.0
Mobile Home	1960s	Fuel Oil	Both Shared	1.0	0.0	0.0	0.0	0.0	0.0
Mobile Home	1960s	Fuel Oil	Neither Shared	1.0	0.0	0.0	0.0	0.0	0.0
Mobile Home	1960s	Fuel Oil	Only Cooling Shared	1.0	0.0	0.0	0.0	0.0	0.0
Mobile Home	1960s	Fuel Oil	Only Heating Shared	1.0	0.0	0.0	0.0	0.0	0.0
Mobile Home	1970s	Fuel Oil	Both Shared	1.0	0.0	0.0	0.0	0.0	0.0
Mobile Home	1970s	Fuel Oil	Neither Shared	1.0	0.0	0.0	0.0	0.0	0.0
Mobile Home	1970s	Fuel Oil	Only Cooling Shared	1.0	0.0	0.0	0.0	0.0	0.0
Mobile Home	1970s	Fuel Oil	Only Heating Shared	1.0	0.0	0.0	0.0	0.0	0.0
Mobile Home	1980s	Fuel Oil	Both Shared	1.0	0.0	0.0	0.0	0.0	0.0
Mobile Home	1980s	Fuel Oil	Neither Shared	1.0	0.0	0.0	0.0	0.0	0.0
Mobile Home	1980s	Fuel Oil	Only Cooling Shared	1.0	0.0	0.0	0.0	0.0	0.0
Mobile Home	1980s	Fuel Oil	Only Heating Shared	1.0	0.0	0.0	0.0	0.0	0.0
Mobile Home	1990s	Fuel Oil	Both Shared	1.0	0.0	0.0	0.0	0.0	0.0
Mobile Home	1990s	Fuel Oil	Neither Shared	1.0	0.0	0.0	0.0	0.0	0.0
Mobile Home	1990s	Fuel Oil	Only Cooling Shared	1.0	0.0	0.0	0.0	0.0	0.0
Mobile Home	1990s	Fuel Oil	Only Heating Shared	1.0	0.0	0.0	0.0	0.0	0.0
Mobile Home	2000s	Fuel Oil	Both Shared	1.0	0.0	0.0	0.0	0.0	0.0
Mobile Home	2000s	Fuel Oil	Neither Shared	1.0	0.0	0.0	0.0	0.0	0.0
Mobile Home	2000s	Fuel Oil	Only Cooling Shared	1.0	0.0	0.0	0.0	0.0	0.0
Mobile Home	2000s	Fuel Oil	Only Heating Shared	1.0	0.0	0.0	0.0	0.0	0.0
Mobile Home	2010s	Fuel Oil	Both Shared	1.0	0.0	0.0	0.0	0.0	0.0
Mobile Home	2010s	Fuel Oil	Neither Shared	1.0	0.0	0.0	0.0	0.0	0.0
Mobile Home	2010s	Fuel Oil	Only Cooling Shared	1.0	0.0	0.0	0.0	0.0	0.0
Mobile Home	2010s	Fuel Oil	Only Heating Shared	1.0	0.0	0.0	0.0	0.0	0.0
Multi-Family with 2 - 4 Units	<1940	Fuel Oil	Both Shared	1.0	0.0	0.0	0.0	0.0	0.0
Multi-Family with 2 - 4 Units	<1940	Fuel Oil	Neither Shared	1.0	0.0	0.0	0.0	0.0	0.0
Multi-Family with 2 - 4 Units	<1940	Fuel Oil	Only Cooling Shared	1.0	0.0	0.0	0.0	0.0	0.0
Multi-Family with 2 - 4 Units	<1940	Fuel Oil	Only Heating Shared	1.0	0.0	0.0	0.0	0.0	0.0
Multi-Family with 2 - 4 Units	1940s	Fuel Oil	Both Shared	1.0	0.0	0.0	0.0	0.0	0.0
Multi-Family with 2 - 4 Units	1940s	Fuel Oil	Neither Shared	1.0	0.0	0.0	0.0	0.0	0.0
Multi-Family with 2 - 4 Units	1940s	Fuel Oil	Only Cooling Shared	1.0	0.0	0.0	0.0	0.0	0.0
Multi-Family with 2 - 4 Units	1940s	Fuel Oil	Only Heating Shared	1.0	0.0	0.0	0.0	0.0	0.0
Multi-Family with 2 - 4 Units	1950s	Fuel Oil	Both Shared	1.0	0.0	0.0	0.0	0.0	0.0
Multi-Family with 2 - 4 Units	1950s	Fuel Oil	Neither Shared	1.0	0.0	0.0	0.0	0.0	0.0
Multi-Family with 2 - 4 Units	1950s	Fuel Oil	Only Cooling Shared	1.0	0.0	0.0	0.0	0.0	0.0
Multi-Family with 2 - 4 Units	1950s	Fuel Oil	Only Heating Shared	1.0	0.0	0.0	0.0	0.0	0.0
Multi-Family with 2 - 4 Units	1960s	Fuel Oil	Both Shared	1.0	0.0	0.0	0.0	0.0	0.0
Multi-Family with 2 - 4 Units	1960s	Fuel Oil	Neither Shared	1.0	0.0	0.0	0.0	0.0	0.0
Multi-Family with 2 - 4 Units	1960s	Fuel Oil	Only Cooling Shared	1.0	0.0	0.0	0.0	0.0	0.0
Multi-Family with 2 - 4 Units	1960s	Fuel Oil	Only Heating Shared	1.0	0.0	0.0	0.0	0.0	0.0
Multi-Family with 2 - 4 Units	1970s	Fuel Oil	Both Shared	1.0	0.0	0.0	0.0	0.0	0.0
Multi-Family with 2 - 4 Units	1970s	Fuel Oil	Neither Shared	1.0	0.0	0.0	0.0	0.0	0.0
Multi-Family with 2 - 4 Units	1970s	Fuel Oil	Only Cooling Shared	1.0	0.0	0.0	0.0	0.0	0.0
Multi-Family with 2 - 4 Units	1970s	Fuel Oil	Only Heating Shared	1.0	0.0	0.0	0.0	0.0	0.0
Multi-Family with 2 - 4 Units	1980s	Fuel Oil	Both Shared	1.0	0.0	0.0	0.0	0.0	0.0
Multi-Family with 2 - 4 Units	1980s	Fuel Oil	Neither Shared	1.0	0.0	0.0	0.0	0.0	0.0
Multi-Family with 2 - 4 Units	1980s	Fuel Oil	Only Cooling Shared	1.0	0.0	0.0	0.0	0.0	0.0
Multi-Family with 2 - 4 Units	1980s	Fuel Oil	Only Heating Shared	1.0	0.0	0.0	0.0	0.0	0.0
Multi-Family with 2 - 4 Units	1990s	Fuel Oil	Both Shared	1.0	0.0	0.0	0.0	0.0	0.0
Multi-Family with 2 - 4 Units	1990s	Fuel Oil	Neither Shared	1.0	0.0	0.0	0.0	0.0	0.0
Multi-Family with 2 - 4 Units	1990s	Fuel Oil	Only Cooling Shared	1.0	0.0	0.0	0.0	0.0	0.0
Multi-Family with 2 - 4 Units	1990s	Fuel Oil	Only Heating Shared	1.0	0.0	0.0	0.0	0.0	0.0
Multi-Family with 2 - 4 Units	2000s	Fuel Oil	Both Shared	1.0	0.0	0.0	0.0	0.0	0.0
Multi-Family with 2 - 4 Units	2000s	Fuel Oil	Neither Shared	1.0	0.0	0.0	0.0	0.0	0.0
Multi-Family with 2 - 4 Units	2000s	Fuel Oil	Only Cooling Shared	1.0	0.0	0.0	0.0	0.0	0.0
Multi-Family with 2 - 4 Units	2000s	Fuel Oil	Only Heating Shared	1.0	0.0	0.0	0.0	0.0	0.0
Multi-Family with 2 - 4 Units	2010s	Fuel Oil	Both Shared	1.0	0.0	0.0	0.0	0.0	0.0
Multi-Family with 2 - 4 Units	2010s	Fuel Oil	Neither Shared	1.0	0.0	0.0	0.0	0.0	0.0
Multi-Family with 2 - 4 Units	2010s	Fuel Oil	Only Cooling Shared	1.0	0.0	0.0	0.0	0.0	0.0
Multi-Family with 2 - 4 Units	2010s	Fuel Oil	Only Heating Shared	1.0	0.0	0.0	0.0	0.0	0.0
Multi-Family with 5+ Units	<1940	Fuel Oil	Both Shared	1.0	0.0	0.0	0.0	0.0	0.0
Multi-Family with 5+ Units	<1940	Fuel Oil	Neither Shared	1.0	0.0	0.0	0.0	0.0	0.0
Multi-Family with 5+ Units	<1940	Fuel Oil	Only Cooling Shared	1.0	0.0	0.0	0.0	0.0	0.0
Multi-Family with 5+ Units	<1940	Fuel Oil	Only Heating Shared	1.0	0.0	0.0	0.0	0.0	0.0
Multi-Family with 5+ Units	1940s	Fuel Oil	Both Shared	1.0	0.0	0.0	0.0	0.0	0.0
Multi-Family with 5+ Units	1940s	Fuel Oil	Neither Shared	1.0	0.0	0.0	0.0	0.0	0.0
Multi-Family with 5+ Units	1940s	Fuel Oil	Only Cooling Shared	1.0	0.0	0.0	0.0	0.0	0.0
Multi-Family with 5+ Units	1940s	Fuel Oil	Only Heating Shared	1.0	0.0	0.0	0.0	0.0	0.0
Multi-Family with 5+ Units	1950s	Fuel Oil	Both Shared	1.0	0.0	0.0	0.0	0.0	0.0
Multi-Family with 5+ Units	1950s	Fuel Oil	Neither Shared	1.0	0.0	0.0	0.0	0.0	0.0
Multi-Family with 5+ Units	1950s	Fuel Oil	Only Cooling Shared	1.0	0.0	0.0	0.0	0.0	0.0
Multi-Family with 5+ Units	1950s	Fuel Oil	Only Heating Shared	1.0	0.0	0.0	0.0	0.0	0.0
Multi-Family with 5+ Units	1960s	Fuel Oil	Both Shared	1.0	0.0	0.0	0.0	0.0	0.0
Multi-Family with 5+ Units	1960s	Fuel Oil	Neither Shared	1.0	0.0	0.0	0.0	0.0	0.0
Multi-Family with 5+ Units	1960s	Fuel Oil	Only Cooling Shared	1.0	0.0	0.0	0.0	0.0	0.0
Multi-Family with 5+ Units	1960s	Fuel Oil	Only Heating Shared	1.0	0.0	0.0	0.0	0.0	0.0
Multi-Family with 5+ Units	1970s	Fuel Oil	Both Shared	1.0	0.0	0.0	0.0	0.0	0.0
Multi-Family with 5+ Units	1970s	Fuel Oil	Neither Shared	1.0	0.0	0.0	0.0	0.0	0.0
Multi-Family with 5+ Units	1970s	Fuel Oil	Only Cooling Shared	1.0	0.0	0.0	0.0	0.0	0.0
Multi-Family with 5+ Units	1970s	Fuel Oil	Only Heating Shared	1.0	0.0	0.0	0.0	0.0	0.0
Multi-Family with 5+ Units	1980s	Fuel Oil	Both Shared	1.0	0.0	0.0	0.0	0.0	0.0
Multi-Family with 5+ Units	1980s	Fuel Oil	Neither Shared	1.0	0.0	0.0	0.0	0.0	0.0
Multi-Family with 5+ Units	1980s	Fuel Oil	Only Cooling Shared	1.0	0.0	0.0	0.0	0.0	0.0
Multi-Family with 5+ Units	1980s	Fuel Oil	Only Heating Shared	1.0	0.0	0.0	0.0	0.0	0.0
Multi-Family with 5+ Units	1990s	Fuel Oil	Both Shared	1.0	0.0	0.0	0.0	0.0	0.0
Multi-Family with 5+ Units	1990s	Fuel Oil	Neither Shared	1.0	0.0	0.0	0.0	0.0	0.0
Multi-Family with 5+ Units	1990s	Fuel Oil	Only Cooling Shared	1.0	0.0	0.0	0.0	0.0	0.0
Multi-Family with 5+ Units	1990s	Fuel Oil	Only Heating Shared	1.0	0.0	0.0	0.0	0.0	0.0
Multi-Family with 5+ Units	2000s	Fuel Oil	Both Shared	1.0	0.0	0.0	0.0	0.0	0.0
Multi-Family with 5+ Units	2000s	Fuel Oil	Neither Shared	1.0	0.0	0.0	0.0	0.0	0.0
Multi-Family with 5+ Units	2000s	Fuel Oil	Only Cooling Shared	1.0	0.0	0.0	0.0	0.0	0.0
Multi-Family with 5+ Units	2000s	Fuel Oil	Only Heating Shared	1.0	0.0	0.0	0.0	0.0	0.0
Multi-Family with 5+ Units	2010s	Fuel Oil	Both Shared	1.0	0.0	0.0	0.0	0.0	0.0
Multi-Family with 5+ Units	2010s	Fuel Oil	Neither Shared	1.0	0.0	0.0	0.0	0.0	0.0
Multi-Family with 5+ Units	2010s	Fuel Oil	Only Cooling Shared	1.0	0.0	0.0	0.0	0.0	0.0
Multi-Family with 5+ Units	2010s	Fuel Oil	Only Heating Shared	1.0	0.0	0.0	0.0	0.0	0.0
Single-Family Attached	<1940	Fuel Oil	Both Shared	1.0	0.0	0.0	0.0	0.0	0.0
Single-Family Attached	<1940	Fuel Oil	Neither Shared	1.0	0.0	0.0	0.0	0.0	0.0
Single-Family Attached	<1940	Fuel Oil	Only Cooling Shared	1.0	0.0	0.0	0.0	0.0	0.0
Single-Family Attached	<1940	Fuel Oil	Only Heating Shared	1.0	0.0	0.0	0.0	0.0	0.0
Single-Family Attached	1940s	Fuel Oil	Both Shared	1.0	0.0	0.0	0.0	0.0	0.0
Single-Family Attached	1940s	Fuel Oil	Neither Shared	1.0	0.0	0.0	0.0	0.0	0.0
Single-Family Attached	1940s	Fuel Oil	Only Cooling Shared	1.0	0.0	0.0	0.0	0.0	0.0
Single-Family Attached	1940s	Fuel Oil	Only Heating Shared	1.0	0.0	0.0	0.0	0.0	0.0
Single-Family Attached	1950s	Fuel Oil	Both Shared	1.0	0.0	0.0	0.0	0.0	0.0
Single-Family Attached	1950s	Fuel Oil	Neither Shared	1.0	0.0	0.0	0.0	0.0	0.0
Single-Family Attached	1950s	Fuel Oil	Only Cooling Shared	1.0	0.0	0.0	0.0	0.0	0.0
Single-Family Attached	1950s	Fuel Oil	Only Heating Shared	1.0	0.0	0.0	0.0	0.0	0.0
Single-Family Attached	1960s	Fuel Oil	Both Shared	1.0	0.0	0.0	0.0	0.0	0.0
Single-Family Attached	1960s	Fuel Oil	Neither Shared	1.0	0.0	0.0	0.0	0.0	0.0
Single-Family Attached	1960s	Fuel Oil	Only Cooling Shared	1.0	0.0	0.0	0.0	0.0	0.0
Single-Family Attached	1960s	Fuel Oil	Only Heating Shared	1.0	0.0	0.0	0.0	0.0	0.0
Single-Family Attached	1970s	Fuel Oil	Both Shared	1.0	0.0	0.0	0.0	0.0	0.0
Single-Family Attached	1970s	Fuel Oil	Neither Shared	1.0	0.0	0.0	0.0	0.0	0.0
Single-Family Attached	1970s	Fuel Oil	Only Cooling Shared	1.0	0.0	0.0	0.0	0.0	0.0
Single-Family Attached	1970s	Fuel Oil	Only Heating Shared	1.0	0.0	0.0	0.0	0.0	0.0
Single-Family Attached	1980s	Fuel Oil	Both Shared	1.0	0.0	0.0	0.0	0.0	0.0
Single-Family Attached	1980s	Fuel Oil	Neither Shared	1.0	0.0	0.0	0.0	0.0	0.0
Single-Family Attached	1980s	Fuel Oil	Only Cooling Shared	1.0	0.0	0.0	0.0	0.0	0.0
Single-Family Attached	1980s	Fuel Oil	Only Heating Shared	1.0	0.0	0.0	0.0	0.0	0.0
Single-Family Attached	1990s	Fuel Oil	Both Shared	1.0	0.0	0.0	0.0	0.0	0.0
Single-Family Attached	1990s	Fuel Oil	Neither Shared	1.0	0.0	0.0	0.0	0.0	0.0
Single-Family Attached	1990s	Fuel Oil	Only Cooling Shared	1.0	0.0	0.0	0.0	0.0	0.0
Single-Family Attached	1990s	Fuel Oil	Only Heating Shared	1.0	0.0	0.0	0.0	0.0	0.0
Single-Family Attached	2000s	Fuel Oil	Both Shared	1.0	0.0	0.0	0.0	0.0	0.0
Single-Family Attached	2000s	Fuel Oil	Neither Shared	1.0	0.0	0.0	0.0	0.0	0.0
Single-Family Attached	2000s	Fuel Oil	Only Cooling Shared	1.0	0.0	0.0	0.0	0.0	0.0
Single-Family Attached	2000s	Fuel Oil	Only Heating Shared	1.0	0.0	0.0	0.0	0.0	0.0
Single-Family Attached	2010s	Fuel Oil	Both Shared	1.0	0.0	0.0	0.0	0.0	0.0
Single-Family Attached	2010s	Fuel Oil	Neither Shared	1.0	0.0	0.0	0.0	0.0	0.0
Single-Family Attached	2010s	Fuel Oil	Only Cooling Shared	1.0	0.0	0.0	0.0	0.0	0.0
Single-Family Attached	2010s	Fuel Oil	Only Heating Shared	1.0	0.0	0.0	0.0	0.0	0.0
Single-Family Detached	<1940	Fuel Oil	Both Shared	1.0	0.0	0.0	0.0	0.0	0.0
Single-Family Detached	<1940	Fuel Oil	Neither Shared	1.0	0.0	0.0	0.0	0.0	0.0
Single-Family Detached	<1940	Fuel Oil	Only Cooling Shared	1.0	0.0	0.0	0.0	0.0	0.0
Single-Family Detached	<1940	Fuel Oil	Only Heating Shared	1.0	0.0	0.0	0.0	0.0	0.0
Single-Family Detached	1940s	Fuel Oil	Both Shared	1.0	0.0	0.0	0.0	0.0	0.0
Single-Family Detached	1940s	Fuel Oil	Neither Shared	1.0	0.0	0.0	0.0	0.0	0.0
Single-Family Detached	1940s	Fuel Oil	Only Cooling Shared	1.0	0.0	0.0	0.0	0.0	0.0
Single-Family Detached	1940s	Fuel Oil	Only Heating Shared	1.0	0.0	0.0	0.0	0.0	0.0
Single-Family Detached	1950s	Fuel Oil	Both Shared	1.0	0.0	0.0	0.0	0.0	0.0
Single-Family Detached	1950s	Fuel Oil	Neither Shared	1.0	0.0	0.0	0.0	0.0	0.0
Single-Family Detached	1950s	Fuel Oil	Only Cooling Shared	1.0	0.0	0.0	0.0	0.0	0.0
Single-Family Detached	1950s	Fuel Oil	Only Heating Shared	1.0	0.0	0.0	0.0	0.0	0.0
Single-Family Detached	1960s	Fuel Oil	Both Shared	1.0	0.0	0.0	0.0	0.0	0.0
Single-Family Detached	1960s	Fuel Oil	Neither Shared	1.0	0.0	0.0	0.0	0.0	0.0
Single-Family Detached	1960s	Fuel Oil	Only Cooling Shared	1.0	0.0	0.0	0.0	0.0	0.0
Single-Family Detached	1960s	Fuel Oil	Only Heating Shared	1.0	0.0	0.0	0.0	0.0	0.0
Single-Family Detached	1970s	Fuel Oil	Both Shared	1.0	0.0	0.0	0.0	0.0	0.0
Single-Family Detached	1970s	Fuel Oil	Neither Shared	1.0	0.0	0.0	0.0	0.0	0.0
Single-Family Detached	1970s	Fuel Oil	Only Cooling Shared	1.0	0.0	0.0	0.0	0.0	0.0
Single-Family Detached	1970s	Fuel Oil	Only Heating Shared	1.0	0.0	0.0	0.0	0.0	0.0
Single-Family Detached	1980s	Fuel Oil	Both Shared	1.0	0.0	0.0	0.0	0.0	0.0
Single-Family Detached	1980s	Fuel Oil	Neither Shared	1.0	0.0	0.0	0.0	0.0	0.0
Single-Family Detached	1980s	Fuel Oil	Only Cooling Shared	1.0	0.0	0.0	0.0	0.0	0.0
Single-Family Detached	1980s	Fuel Oil	Only Heating Shared	1.0	0.0	0.0	0.0	0.0	0.0
Single-Family Detached	1990s	Fuel Oil	Both Shared	1.0	0.0	0.0	0.0	0.0	0.0
Single-Family Detached	1990s	Fuel Oil	Neither Shared	1.0	0.0	0.0	0.0	0.0	0.0
Single-Family Detached	1990s	Fuel Oil	Only Cooling Shared	1.0	0.0	0.0	0.0	0.0	0.0
Single-Family Detached	1990s	Fuel Oil	Only Heating Shared	1.0	0.0	0.0	0.0	0.0	0.0
Single-Family Detached	2000s	Fuel Oil	Both Shared	1.0	0.0	0.0	0.0	0.0	0.0
Single-Family Detached	2000s	Fuel Oil	Neither Shared	1.0	0.0	0.0	0.0	0.0	0.0
Single-Family Detached	2000s	Fuel Oil	Only Cooling Shared	1.0	0.0	0.0	0.0	0.0	0.0
Single-Family Detached	2000s	Fuel Oil	Only Heating Shared	1.0	0.0	0.0	0.0	0.0	0.0
Single-Family Detached	2010s	Fuel Oil	Both Shared	1.0	0.0	0.0	0.0	0.0	0.0
Single-Family Detached	2010s	Fuel Oil	Neither Shared	1.0	0.0	0.0	0.0	0.0	0.0
Single-Family Detached	2010s	Fuel Oil	Only Cooling Shared	1.0	0.0	0.0	0.0	0.0	0.0
Single-Family Detached	2010s	Fuel Oil	Only Heating Shared	1.0	0.0	0.0	0.0	0.0	0.0
Mobile Home	<1940	Natural Gas	Both Shared	1.0	0.0	0.0	0.0	0.0	0.0
Mobile Home	<1940	Natural Gas	Neither Shared	1.0	0.0	0.0	0.0	0.0	0.002567280000000001
Mobile Home	<1940	Natural Gas	Only Cooling Shared	1.0	0.0	0.0	0.0	0.0	0.0
Mobile Home	<1940	Natural Gas	Only Heating Shared	1.0	0.0	0.0	0.0	0.0	0.0
Mobile Home	1940s	Natural Gas	Both Shared	1.0	0.0	0.0	0.0	0.0	0.0
Mobile Home	1940s	Natural Gas	Neither Shared	1.0	0.0	0.0	0.0	0.0	0.005134560000000002
Mobile Home	1940s	Natural Gas	Only Cooling Shared	1.0	0.0	0.0	0.0	0.0	0.0
Mobile Home	1940s	Natural Gas	Only Heating Shared	1.0	0.0	0.0	0.0	0.0	0.0
Mobile Home	1950s	Natural Gas	Both Shared	1.0	0.0	0.0	0.0	0.0	0.0
Mobile Home	1950s	Natural Gas	Neither Shared	1.0	0.0	0.0	0.0	0.0	0.002567280000000001
Mobile Home	1950s	Natural Gas	Only Cooling Shared	1.0	0.0	0.0	0.0	0.0	0.0
Mobile Home	1950s	Natural Gas	Only Heating Shared	1.0	0.0	0.0	0.0	0.0	0.0
Mobile Home	1960s	Natural Gas	Both Shared	1.0	0.0	0.0	0.0	0.0	0.0
Mobile Home	1960s	Natural Gas	Neither Shared	1.0	0.0	0.0	0.0	0.0	0.002567280000000001
Mobile Home	1960s	Natural Gas	Only Cooling Shared	1.0	0.0	0.0	0.0	0.0	0.0
Mobile Home	1960s	Natural Gas	Only Heating Shared	1.0	0.0	0.0	0.0	0.0	0.0
Mobile Home	1970s	Natural Gas	Both Shared	1.0	0.0	0.0	0.0	0.0	0.0
Mobile Home	1970s	Natural Gas	Neither Shared	1.0	0.0	0.0	0.0	0.0	0.002567280000000001
Mobile Home	1970s	Natural Gas	Only Cooling Shared	1.0	0.0	0.0	0.0	0.0	0.0
Mobile Home	1970s	Natural Gas	Only Heating Shared	1.0	0.0	0.0	0.0	0.0	0.0
Mobile Home	1980s	Natural Gas	Both Shared	1.0	0.0	0.0	0.0	0.0	0.0
Mobile Home	1980s	Natural Gas	Neither Shared	1.0	0.0	0.0	0.0	0.0	0.002567280000000001
Mobile Home	1980s	Natural Gas	Only Cooling Shared	1.0	0.0	0.0	0.0	0.0	0.0
Mobile Home	1980s	Natural Gas	Only Heating Shared	1.0	0.0	0.0	0.0	0.0	0.0
Mobile Home	1990s	Natural Gas	Both Shared	1.0	0.0	0.0	0.0	0.0	0.0
Mobile Home	1990s	Natural Gas	Neither Shared	1.0	0.0	0.0	0.0	0.0	0.002567280000000001
Mobile Home	1990s	Natural Gas	Only Cooling Shared	1.0	0.0	0.0	0.0	0.0	0.0
Mobile Home	1990s	Natural Gas	Only Heating Shared	1.0	0.0	0.0	0.0	0.0	0.0
Mobile Home	2000s	Natural Gas	Both Shared	1.0	0.0	0.0	0.0	0.0	0.0
Mobile Home	2000s	Natural Gas	Neither Shared	1.0	0.0	0.0	0.0	0.0	0.002567280000000001
Mobile Home	2000s	Natural Gas	Only Cooling Shared	1.0	0.0	0.0	0.0	0.0	0.0
Mobile Home	2000s	Natural Gas	Only Heating Shared	1.0	0.0	0.0	0.0	0.0	0.0
Mobile Home	2010s	Natural Gas	Both Shared	1.0	0.0	0.0	0.0	0.0	0.0
Mobile Home	2010s	Natural Gas	Neither Shared	1.0	0.0	0.0	0.0	0.0	0.002567280000000001
Mobile Home	2010s	Natural Gas	Only Cooling Shared	1.0	0.0	0.0	0.0	0.0	0.0
Mobile Home	2010s	Natural Gas	Only Heating Shared	1.0	0.0	0.0	0.0	0.0	0.0
Multi-Family with 2 - 4 Units	<1940	Natural Gas	Both Shared	1.0	0.0	0.0	0.0	0.0	0.00017301944133926839
Multi-Family with 2 - 4 Units	<1940	Natural Gas	Neither Shared	1.0	0.0	0.0	0.0	0.0	0.0014961429635814677
Multi-Family with 2 - 4 Units	<1940	Natural Gas	Only Cooling Shared	1.0	0.0	0.0	0.0	0.0	0.0
Multi-Family with 2 - 4 Units	<1940	Natural Gas	Only Heating Shared	1.0	0.0	0.0	0.0	0.0	0.0008981227296418318
Multi-Family with 2 - 4 Units	1940s	Natural Gas	Both Shared	1.0	0.0	0.0	0.0	0.0	0.00034603888267853677
Multi-Family with 2 - 4 Units	1940s	Natural Gas	Neither Shared	1.0	0.0	0.0	0.0	0.0	0.0029922859271629353
Multi-Family with 2 - 4 Units	1940s	Natural Gas	Only Cooling Shared	1.0	0.0	0.0	0.0	0.0	0.0
Multi-Family with 2 - 4 Units	1940s	Natural Gas	Only Heating Shared	1.0	0.0	0.0	0.0	0.0	0.0017962454592836635
Multi-Family with 2 - 4 Units	1950s	Natural Gas	Both Shared	1.0	0.0	0.0	0.0	0.0	6.892633344000001e-05
Multi-Family with 2 - 4 Units	1950s	Natural Gas	Neither Shared	1.0	0.0	0.0	0.0	0.0	0.0017261415153600002
Multi-Family with 2 - 4 Units	1950s	Natural Gas	Only Cooling Shared	1.0	0.0	0.0	0.0	0.0	0.0
Multi-Family with 2 - 4 Units	1950s	Natural Gas	Only Heating Shared	1.0	0.0	0.0	0.0	0.0	0.0007722121512000001
Multi-Family with 2 - 4 Units	1960s	Natural Gas	Both Shared	1.0	0.0	0.0	0.0	0.0	0.0
Multi-Family with 2 - 4 Units	1960s	Natural Gas	Neither Shared	1.0	0.0	0.0	0.0	0.0	0.0016708191986399999
Multi-Family with 2 - 4 Units	1960s	Natural Gas	Only Cooling Shared	1.0	0.0	0.0	0.0	0.0	0.0
Multi-Family with 2 - 4 Units	1960s	Natural Gas	Only Heating Shared	1.0	0.0	0.0	0.0	0.0	0.00089646080136
Multi-Family with 2 - 4 Units	1970s	Natural Gas	Both Shared	1.0	0.0	0.0	0.0	0.0	0.0
Multi-Family with 2 - 4 Units	1970s	Natural Gas	Neither Shared	1.0	0.0	0.0	0.0	0.0	0.00204667925976
Multi-Family with 2 - 4 Units	1970s	Natural Gas	Only Cooling Shared	1.0	0.0	0.0	0.0	0.0	0.0
Multi-Family with 2 - 4 Units	1970s	Natural Gas	Only Heating Shared	1.0	0.0	0.0	0.0	0.0	0.00052060074024
Multi-Family with 2 - 4 Units	1980s	Natural Gas	Both Shared	1.0	0.0	0.0	0.0	0.0	0.00014773654714330515
Multi-Family with 2 - 4 Units	1980s	Natural Gas	Neither Shared	1.0	0.0	0.0	0.0	0.0	0.0021581740719837693
Multi-Family with 2 - 4 Units	1980s	Natural Gas	Only Cooling Shared	1.0	0.0	0.0	0.0	0.0	0.0
Multi-Family with 2 - 4 Units	1980s	Natural Gas	Only Heating Shared	1.0	0.0	0.0	0.0	0.0	0.0002613642463154923
Multi-Family with 2 - 4 Units	1990s	Natural Gas	Both Shared	1.0	0.0	0.0	0.0	0.0	0.0
Multi-Family with 2 - 4 Units	1990s	Natural Gas	Neither Shared	1.0	0.0	0.0	0.0	0.0	0.002205054762960001
Multi-Family with 2 - 4 Units	1990s	Natural Gas	Only Cooling Shared	1.0	0.0	0.0	0.0	0.0	0.00020136974136000013
Multi-Family with 2 - 4 Units	1990s	Natural Gas	Only Heating Shared	1.0	0.0	0.0	0.0	0.0	0.00016085549568000006
Multi-Family with 2 - 4 Units	2000s	Natural Gas	Both Shared	1.0	0.0	0.0	0.0	0.0	0.0
Multi-Family with 2 - 4 Units	2000s	Natural Gas	Neither Shared	1.0	0.0	0.0	0.0	0.0	0.0020727730936800004
Multi-Family with 2 - 4 Units	2000s	Natural Gas	Only Cooling Shared	1.0	0.0	0.0	0.0	0.0	0.0
Multi-Family with 2 - 4 Units	2000s	Natural Gas	Only Heating Shared	1.0	0.0	0.0	0.0	0.0	0.0004945069063200001
Multi-Family with 2 - 4 Units	2010s	Natural Gas	Both Shared	1.0	0.0	0.0	0.0	0.0	0.0
Multi-Family with 2 - 4 Units	2010s	Natural Gas	Neither Shared	1.0	0.0	0.0	0.0	0.0	0.0020727730936800004
Multi-Family with 2 - 4 Units	2010s	Natural Gas	Only Cooling Shared	1.0	0.0	0.0	0.0	0.0	0.0
Multi-Family with 2 - 4 Units	2010s	Natural Gas	Only Heating Shared	1.0	0.0	0.0	0.0	0.0	0.0004945069063200001
Multi-Family with 5+ Units	<1940	Natural Gas	Both Shared	1.0	0.0	0.0	0.0	0.0	0.0001176969516
Multi-Family with 5+ Units	<1940	Natural Gas	Neither Shared	1.0	0.0	0.0	0.0	0.0	0.00062954326704
Multi-Family with 5+ Units	<1940	Natural Gas	Only Cooling Shared	1.0	0.0	0.0	0.0	0.0	0.0
Multi-Family with 5+ Units	<1940	Natural Gas	Only Heating Shared	1.0	0.0	0.0	0.0	0.0	0.0018200397813600004
Multi-Family with 5+ Units	1940s	Natural Gas	Both Shared	1.0	0.0	0.0	0.0	0.0	0.0002353939032
Multi-Family with 5+ Units	1940s	Natural Gas	Neither Shared	1.0	0.0	0.0	0.0	0.0	0.00125908653408
Multi-Family with 5+ Units	1940s	Natural Gas	Only Cooling Shared	1.0	0.0	0.0	0.0	0.0	0.0
Multi-Family with 5+ Units	1940s	Natural Gas	Only Heating Shared	1.0	0.0	0.0	0.0	0.0	0.003640079562720001
Multi-Family with 5+ Units	1950s	Natural Gas	Both Shared	1.0	0.0	0.0	0.0	0.0	0.0002266728530400001
Multi-Family with 5+ Units	1950s	Natural Gas	Neither Shared	1.0	0.0	0.0	0.0	0.0	0.0010173309110400005
Multi-Family with 5+ Units	1950s	Natural Gas	Only Cooling Shared	1.0	0.0	0.0	0.0	0.0	0.0
Multi-Family with 5+ Units	1950s	Natural Gas	Only Heating Shared	1.0	0.0	0.0	0.0	0.0	0.0013232762359200005
Multi-Family with 5+ Units	1960s	Natural Gas	Both Shared	1.0	0.0	0.0	0.0	0.0	0.00035582244072000004
Multi-Family with 5+ Units	1960s	Natural Gas	Neither Shared	1.0	0.0	0.0	0.0	0.0	0.0009410185130400002
Multi-Family with 5+ Units	1960s	Natural Gas	Only Cooling Shared	1.0	0.0	0.0	0.0	0.0	0.0001006887216
Multi-Family with 5+ Units	1960s	Natural Gas	Only Heating Shared	1.0	0.0	0.0	0.0	0.0	0.0011697503246400002
Multi-Family with 5+ Units	1970s	Natural Gas	Both Shared	1.0	0.0	0.0	0.0	0.0	0.00021851125140853004
Multi-Family with 5+ Units	1970s	Natural Gas	Neither Shared	1.0	0.0	0.0	0.0	0.0	0.0015307032273752417
Multi-Family with 5+ Units	1970s	Natural Gas	Only Cooling Shared	1.0	0.0	0.0	0.0	0.0	4.1651509068449285e-05
Multi-Family with 5+ Units	1970s	Natural Gas	Only Heating Shared	1.0	0.0	0.0	0.0	0.0	0.0007764088775903459
Multi-Family with 5+ Units	1980s	Natural Gas	Both Shared	1.0	0.0	0.0	0.0	0.0	0.00028147914648000007
Multi-Family with 5+ Units	1980s	Natural Gas	Neither Shared	1.0	0.0	0.0	0.0	0.0	0.00143002373832
Multi-Family with 5+ Units	1980s	Natural Gas	Only Cooling Shared	1.0	0.0	0.0	0.0	0.0	4.863455232000001e-05
Multi-Family with 5+ Units	1980s	Natural Gas	Only Heating Shared	1.0	0.0	0.0	0.0	0.0	0.0008071425628800002
Multi-Family with 5+ Units	1990s	Natural Gas	Both Shared	1.0	0.0	0.0	0.0	0.0	0.00014546465208000004
Multi-Family with 5+ Units	1990s	Natural Gas	Neither Shared	1.0	0.0	0.0	0.0	0.0	0.0020779333264800003
Multi-Family with 5+ Units	1990s	Natural Gas	Only Cooling Shared	1.0	0.0	0.0	0.0	0.0	0.0
Multi-Family with 5+ Units	1990s	Natural Gas	Only Heating Shared	1.0	0.0	0.0	0.0	0.0	0.00034388202144000006
Multi-Family with 5+ Units	2000s	Natural Gas	Both Shared	1.0	0.0	0.0	0.0	0.0	8.777787048000001e-05
Multi-Family with 5+ Units	2000s	Natural Gas	Neither Shared	1.0	0.0	0.0	0.0	0.0	0.0022280344862400004
Multi-Family with 5+ Units	2000s	Natural Gas	Only Cooling Shared	1.0	0.0	0.0	0.0	0.0	0.0
Multi-Family with 5+ Units	2000s	Natural Gas	Only Heating Shared	1.0	0.0	0.0	0.0	0.0	0.00025146764328
Multi-Family with 5+ Units	2010s	Natural Gas	Both Shared	1.0	0.0	0.0	0.0	0.0	8.777787048000001e-05
Multi-Family with 5+ Units	2010s	Natural Gas	Neither Shared	1.0	0.0	0.0	0.0	0.0	0.0022280344862400004
Multi-Family with 5+ Units	2010s	Natural Gas	Only Cooling Shared	1.0	0.0	0.0	0.0	0.0	0.0
Multi-Family with 5+ Units	2010s	Natural Gas	Only Heating Shared	1.0	0.0	0.0	0.0	0.0	0.00025146764328
Single-Family Attached	<1940	Natural Gas	Both Shared	1.0	0.0	0.0	0.0	0.0	0.0
Single-Family Attached	<1940	Natural Gas	Neither Shared	1.0	0.0	0.0	0.0	0.0	0.002312667438720001
Single-Family Attached	<1940	Natural Gas	Only Cooling Shared	1.0	0.0	0.0	0.0	0.0	2.310038544000001e-05
Single-Family Attached	<1940	Natural Gas	Only Heating Shared	1.0	0.0	0.0	0.0	0.0	0.0002315121758400001
Single-Family Attached	1940s	Natural Gas	Both Shared	1.0	0.0	0.0	0.0	0.0	0.0
Single-Family Attached	1940s	Natural Gas	Neither Shared	1.0	0.0	0.0	0.0	0.0	0.004625334877440002
Single-Family Attached	1940s	Natural Gas	Only Cooling Shared	1.0	0.0	0.0	0.0	0.0	4.620077088000002e-05
Single-Family Attached	1940s	Natural Gas	Only Heating Shared	1.0	0.0	0.0	0.0	0.0	0.0004630243516800002
Single-Family Attached	1950s	Natural Gas	Both Shared	1.0	0.0	0.0	0.0	0.0	0.0
Single-Family Attached	1950s	Natural Gas	Neither Shared	1.0	0.0	0.0	0.0	0.0	0.002246706313680001
Single-Family Attached	1950s	Natural Gas	Only Cooling Shared	1.0	0.0	0.0	0.0	0.0	0.0
Single-Family Attached	1950s	Natural Gas	Only Heating Shared	1.0	0.0	0.0	0.0	0.0	0.0003205736863200001
Single-Family Attached	1960s	Natural Gas	Both Shared	1.0	0.0	0.0	0.0	0.0	0.0
Single-Family Attached	1960s	Natural Gas	Neither Shared	1.0	0.0	0.0	0.0	0.0	0.00240061474968
Single-Family Attached	1960s	Natural Gas	Only Cooling Shared	1.0	0.0	0.0	0.0	0.0	0.0
Single-Family Attached	1960s	Natural Gas	Only Heating Shared	1.0	0.0	0.0	0.0	0.0	0.00016666525032
Single-Family Attached	1970s	Natural Gas	Both Shared	1.0	0.0	0.0	0.0	0.0	0.0
Single-Family Attached	1970s	Natural Gas	Neither Shared	1.0	0.0	0.0	0.0	0.0	0.0025177494669600003
Single-Family Attached	1970s	Natural Gas	Only Cooling Shared	1.0	0.0	0.0	0.0	0.0	0.0
Single-Family Attached	1970s	Natural Gas	Only Heating Shared	1.0	0.0	0.0	0.0	0.0	4.953053304000001e-05
Single-Family Attached	1980s	Natural Gas	Both Shared	1.0	0.0	0.0	0.0	0.0	2.290781653216057e-05
Single-Family Attached	1980s	Natural Gas	Neither Shared	1.0	0.0	0.0	0.0	0.0	0.0025324138051836635
Single-Family Attached	1980s	Natural Gas	Only Cooling Shared	1.0	0.0	0.0	0.0	0.0	0.0
Single-Family Attached	1980s	Natural Gas	Only Heating Shared	1.0	0.0	0.0	0.0	0.0	1.1953243726744327e-05
Single-Family Attached	1990s	Natural Gas	Both Shared	1.0	0.0	0.0	0.0	0.0	4.2783721200000016e-05
Single-Family Attached	1990s	Natural Gas	Neither Shared	1.0	0.0	0.0	0.0	0.0	0.002524496278800001
Single-Family Attached	1990s	Natural Gas	Only Cooling Shared	1.0	0.0	0.0	0.0	0.0	0.0
Single-Family Attached	1990s	Natural Gas	Only Heating Shared	1.0	0.0	0.0	0.0	0.0	0.0
Single-Family Attached	2000s	Natural Gas	Both Shared	1.0	0.0	0.0	0.0	0.0	2.316713472000001e-05
Single-Family Attached	2000s	Natural Gas	Neither Shared	1.0	0.0	0.0	0.0	0.0	0.002544112865280001
Single-Family Attached	2000s	Natural Gas	Only Cooling Shared	1.0	0.0	0.0	0.0	0.0	0.0
Single-Family Attached	2000s	Natural Gas	Only Heating Shared	1.0	0.0	0.0	0.0	0.0	0.0
Single-Family Attached	2010s	Natural Gas	Both Shared	1.0	0.0	0.0	0.0	0.0	2.316713472000001e-05
Single-Family Attached	2010s	Natural Gas	Neither Shared	1.0	0.0	0.0	0.0	0.0	0.002544112865280001
Single-Family Attached	2010s	Natural Gas	Only Cooling Shared	1.0	0.0	0.0	0.0	0.0	0.0
Single-Family Attached	2010s	Natural Gas	Only Heating Shared	1.0	0.0	0.0	0.0	0.0	0.0
Single-Family Detached	<1940	Natural Gas	Both Shared	1.0	0.0	0.0	0.0	0.0	0.0
Single-Family Detached	<1940	Natural Gas	Neither Shared	1.0	0.0	0.0	0.0	0.0	0.002567280000000001
Single-Family Detached	<1940	Natural Gas	Only Cooling Shared	1.0	0.0	0.0	0.0	0.0	0.0
Single-Family Detached	<1940	Natural Gas	Only Heating Shared	1.0	0.0	0.0	0.0	0.0	0.0
Single-Family Detached	1940s	Natural Gas	Both Shared	1.0	0.0	0.0	0.0	0.0	0.0
Single-Family Detached	1940s	Natural Gas	Neither Shared	1.0	0.0	0.0	0.0	0.0	0.005134560000000002
Single-Family Detached	1940s	Natural Gas	Only Cooling Shared	1.0	0.0	0.0	0.0	0.0	0.0
Single-Family Detached	1940s	Natural Gas	Only Heating Shared	1.0	0.0	0.0	0.0	0.0	0.0
Single-Family Detached	1950s	Natural Gas	Both Shared	1.0	0.0	0.0	0.0	0.0	0.0
Single-Family Detached	1950s	Natural Gas	Neither Shared	1.0	0.0	0.0	0.0	0.0	0.002567280000000001
Single-Family Detached	1950s	Natural Gas	Only Cooling Shared	1.0	0.0	0.0	0.0	0.0	0.0
Single-Family Detached	1950s	Natural Gas	Only Heating Shared	1.0	0.0	0.0	0.0	0.0	0.0
Single-Family Detached	1960s	Natural Gas	Both Shared	1.0	0.0	0.0	0.0	0.0	0.0
Single-Family Detached	1960s	Natural Gas	Neither Shared	1.0	0.0	0.0	0.0	0.0	0.002567280000000001
Single-Family Detached	1960s	Natural Gas	Only Cooling Shared	1.0	0.0	0.0	0.0	0.0	0.0
Single-Family Detached	1960s	Natural Gas	Only Heating Shared	1.0	0.0	0.0	0.0	0.0	0.0
Single-Family Detached	1970s	Natural Gas	Both Shared	1.0	0.0	0.0	0.0	0.0	0.0
Single-Family Detached	1970s	Natural Gas	Neither Shared	1.0	0.0	0.0	0.0	0.0	0.002567280000000001
Single-Family Detached	1970s	Natural Gas	Only Cooling Shared	1.0	0.0	0.0	0.0	0.0	0.0
Single-Family Detached	1970s	Natural Gas	Only Heating Shared	1.0	0.0	0.0	0.0	0.0	0.0
Single-Family Detached	1980s	Natural Gas	Both Shared	1.0	0.0	0.0	0.0	0.0	0.0
Single-Family Detached	1980s	Natural Gas	Neither Shared	1.0	0.0	0.0	0.0	0.0	0.002567280000000001
Single-Family Detached	1980s	Natural Gas	Only Cooling Shared	1.0	0.0	0.0	0.0	0.0	0.0
Single-Family Detached	1980s	Natural Gas	Only Heating Shared	1.0	0.0	0.0	0.0	0.0	0.0
Single-Family Detached	1990s	Natural Gas	Both Shared	1.0	0.0	0.0	0.0	0.0	0.0
Single-Family Detached	1990s	Natural Gas	Neither Shared	1.0	0.0	0.0	0.0	0.0	0.002567280000000001
Single-Family Detached	1990s	Natural Gas	Only Cooling Shared	1.0	0.0	0.0	0.0	0.0	0.0
Single-Family Detached	1990s	Natural Gas	Only Heating Shared	1.0	0.0	0.0	0.0	0.0	0.0
Single-Family Detached	2000s	Natural Gas	Both Shared	1.0	0.0	0.0	0.0	0.0	0.0
Single-Family Detached	2000s	Natural Gas	Neither Shared	1.0	0.0	0.0	0.0	0.0	0.002567280000000001
Single-Family Detached	2000s	Natural Gas	Only Cooling Shared	1.0	0.0	0.0	0.0	0.0	0.0
Single-Family Detached	2000s	Natural Gas	Only Heating Shared	1.0	0.0	0.0	0.0	0.0	0.0
Single-Family Detached	2010s	Natural Gas	Both Shared	1.0	0.0	0.0	0.0	0.0	0.0
Single-Family Detached	2010s	Natural Gas	Neither Shared	1.0	0.0	0.0	0.0	0.0	0.002567280000000001
Single-Family Detached	2010s	Natural Gas	Only Cooling Shared	1.0	0.0	0.0	0.0	0.0	0.0
Single-Family Detached	2010s	Natural Gas	Only Heating Shared	1.0	0.0	0.0	0.0	0.0	0.0
Mobile Home	<1940	None	Both Shared	1.0	0.0	0.0	0.0	0.0	0.0
Mobile Home	<1940	None	Neither Shared	1.0	0.0	0.0	0.0	0.0	0.0
Mobile Home	<1940	None	Only Cooling Shared	1.0	0.0	0.0	0.0	0.0	0.0
Mobile Home	<1940	None	Only Heating Shared	1.0	0.0	0.0	0.0	0.0	0.0
Mobile Home	1940s	None	Both Shared	1.0	0.0	0.0	0.0	0.0	0.0
Mobile Home	1940s	None	Neither Shared	1.0	0.0	0.0	0.0	0.0	0.0
Mobile Home	1940s	None	Only Cooling Shared	1.0	0.0	0.0	0.0	0.0	0.0
Mobile Home	1940s	None	Only Heating Shared	1.0	0.0	0.0	0.0	0.0	0.0
Mobile Home	1950s	None	Both Shared	1.0	0.0	0.0	0.0	0.0	0.0
Mobile Home	1950s	None	Neither Shared	1.0	0.0	0.0	0.0	0.0	0.0
Mobile Home	1950s	None	Only Cooling Shared	1.0	0.0	0.0	0.0	0.0	0.0
Mobile Home	1950s	None	Only Heating Shared	1.0	0.0	0.0	0.0	0.0	0.0
Mobile Home	1960s	None	Both Shared	1.0	0.0	0.0	0.0	0.0	0.0
Mobile Home	1960s	None	Neither Shared	1.0	0.0	0.0	0.0	0.0	0.0
Mobile Home	1960s	None	Only Cooling Shared	1.0	0.0	0.0	0.0	0.0	0.0
Mobile Home	1960s	None	Only Heating Shared	1.0	0.0	0.0	0.0	0.0	0.0
Mobile Home	1970s	None	Both Shared	1.0	0.0	0.0	0.0	0.0	0.0
Mobile Home	1970s	None	Neither Shared	1.0	0.0	0.0	0.0	0.0	0.0
Mobile Home	1970s	None	Only Cooling Shared	1.0	0.0	0.0	0.0	0.0	0.0
Mobile Home	1970s	None	Only Heating Shared	1.0	0.0	0.0	0.0	0.0	0.0
Mobile Home	1980s	None	Both Shared	1.0	0.0	0.0	0.0	0.0	0.0
Mobile Home	1980s	None	Neither Shared	1.0	0.0	0.0	0.0	0.0	0.0
Mobile Home	1980s	None	Only Cooling Shared	1.0	0.0	0.0	0.0	0.0	0.0
Mobile Home	1980s	None	Only Heating Shared	1.0	0.0	0.0	0.0	0.0	0.0
Mobile Home	1990s	None	Both Shared	1.0	0.0	0.0	0.0	0.0	0.0
Mobile Home	1990s	None	Neither Shared	1.0	0.0	0.0	0.0	0.0	0.0
Mobile Home	1990s	None	Only Cooling Shared	1.0	0.0	0.0	0.0	0.0	0.0
Mobile Home	1990s	None	Only Heating Shared	1.0	0.0	0.0	0.0	0.0	0.0
Mobile Home	2000s	None	Both Shared	1.0	0.0	0.0	0.0	0.0	0.0
Mobile Home	2000s	None	Neither Shared	1.0	0.0	0.0	0.0	0.0	0.0
Mobile Home	2000s	None	Only Cooling Shared	1.0	0.0	0.0	0.0	0.0	0.0
Mobile Home	2000s	None	Only Heating Shared	1.0	0.0	0.0	0.0	0.0	0.0
Mobile Home	2010s	None	Both Shared	1.0	0.0	0.0	0.0	0.0	0.0
Mobile Home	2010s	None	Neither Shared	1.0	0.0	0.0	0.0	0.0	0.0
Mobile Home	2010s	None	Only Cooling Shared	1.0	0.0	0.0	0.0	0.0	0.0
Mobile Home	2010s	None	Only Heating Shared	1.0	0.0	0.0	0.0	0.0	0.0
Multi-Family with 2 - 4 Units	<1940	None	Both Shared	1.0	0.0	0.0	0.0	0.0	0.0
Multi-Family with 2 - 4 Units	<1940	None	Neither Shared	1.0	0.0	0.0	0.0	0.0	0.0
Multi-Family with 2 - 4 Units	<1940	None	Only Cooling Shared	1.0	0.0	0.0	0.0	0.0	0.0
Multi-Family with 2 - 4 Units	<1940	None	Only Heating Shared	1.0	0.0	0.0	0.0	0.0	0.0
Multi-Family with 2 - 4 Units	1940s	None	Both Shared	1.0	0.0	0.0	0.0	0.0	0.0
Multi-Family with 2 - 4 Units	1940s	None	Neither Shared	1.0	0.0	0.0	0.0	0.0	0.0
Multi-Family with 2 - 4 Units	1940s	None	Only Cooling Shared	1.0	0.0	0.0	0.0	0.0	0.0
Multi-Family with 2 - 4 Units	1940s	None	Only Heating Shared	1.0	0.0	0.0	0.0	0.0	0.0
Multi-Family with 2 - 4 Units	1950s	None	Both Shared	1.0	0.0	0.0	0.0	0.0	0.0
Multi-Family with 2 - 4 Units	1950s	None	Neither Shared	1.0	0.0	0.0	0.0	0.0	0.0
Multi-Family with 2 - 4 Units	1950s	None	Only Cooling Shared	1.0	0.0	0.0	0.0	0.0	0.0
Multi-Family with 2 - 4 Units	1950s	None	Only Heating Shared	1.0	0.0	0.0	0.0	0.0	0.0
Multi-Family with 2 - 4 Units	1960s	None	Both Shared	1.0	0.0	0.0	0.0	0.0	0.0
Multi-Family with 2 - 4 Units	1960s	None	Neither Shared	1.0	0.0	0.0	0.0	0.0	0.0
Multi-Family with 2 - 4 Units	1960s	None	Only Cooling Shared	1.0	0.0	0.0	0.0	0.0	0.0
Multi-Family with 2 - 4 Units	1960s	None	Only Heating Shared	1.0	0.0	0.0	0.0	0.0	0.0
Multi-Family with 2 - 4 Units	1970s	None	Both Shared	1.0	0.0	0.0	0.0	0.0	0.0
Multi-Family with 2 - 4 Units	1970s	None	Neither Shared	1.0	0.0	0.0	0.0	0.0	0.0
Multi-Family with 2 - 4 Units	1970s	None	Only Cooling Shared	1.0	0.0	0.0	0.0	0.0	0.0
Multi-Family with 2 - 4 Units	1970s	None	Only Heating Shared	1.0	0.0	0.0	0.0	0.0	0.0
Multi-Family with 2 - 4 Units	1980s	None	Both Shared	1.0	0.0	0.0	0.0	0.0	0.0
Multi-Family with 2 - 4 Units	1980s	None	Neither Shared	1.0	0.0	0.0	0.0	0.0	0.0
Multi-Family with 2 - 4 Units	1980s	None	Only Cooling Shared	1.0	0.0	0.0	0.0	0.0	0.0
Multi-Family with 2 - 4 Units	1980s	None	Only Heating Shared	1.0	0.0	0.0	0.0	0.0	0.0
Multi-Family with 2 - 4 Units	1990s	None	Both Shared	1.0	0.0	0.0	0.0	0.0	0.0
Multi-Family with 2 - 4 Units	1990s	None	Neither Shared	1.0	0.0	0.0	0.0	0.0	0.0
Multi-Family with 2 - 4 Units	1990s	None	Only Cooling Shared	1.0	0.0	0.0	0.0	0.0	0.0
Multi-Family with 2 - 4 Units	1990s	None	Only Heating Shared	1.0	0.0	0.0	0.0	0.0	0.0
Multi-Family with 2 - 4 Units	2000s	None	Both Shared	1.0	0.0	0.0	0.0	0.0	0.0
Multi-Family with 2 - 4 Units	2000s	None	Neither Shared	1.0	0.0	0.0	0.0	0.0	0.0
Multi-Family with 2 - 4 Units	2000s	None	Only Cooling Shared	1.0	0.0	0.0	0.0	0.0	0.0
Multi-Family with 2 - 4 Units	2000s	None	Only Heating Shared	1.0	0.0	0.0	0.0	0.0	0.0
Multi-Family with 2 - 4 Units	2010s	None	Both Shared	1.0	0.0	0.0	0.0	0.0	0.0
Multi-Family with 2 - 4 Units	2010s	None	Neither Shared	1.0	0.0	0.0	0.0	0.0	0.0
Multi-Family with 2 - 4 Units	2010s	None	Only Cooling Shared	1.0	0.0	0.0	0.0	0.0	0.0
Multi-Family with 2 - 4 Units	2010s	None	Only Heating Shared	1.0	0.0	0.0	0.0	0.0	0.0
Multi-Family with 5+ Units	<1940	None	Both Shared	1.0	0.0	0.0	0.0	0.0	0.0
Multi-Family with 5+ Units	<1940	None	Neither Shared	1.0	0.0	0.0	0.0	0.0	0.0
Multi-Family with 5+ Units	<1940	None	Only Cooling Shared	1.0	0.0	0.0	0.0	0.0	0.0
Multi-Family with 5+ Units	<1940	None	Only Heating Shared	1.0	0.0	0.0	0.0	0.0	0.0
Multi-Family with 5+ Units	1940s	None	Both Shared	1.0	0.0	0.0	0.0	0.0	0.0
Multi-Family with 5+ Units	1940s	None	Neither Shared	1.0	0.0	0.0	0.0	0.0	0.0
Multi-Family with 5+ Units	1940s	None	Only Cooling Shared	1.0	0.0	0.0	0.0	0.0	0.0
Multi-Family with 5+ Units	1940s	None	Only Heating Shared	1.0	0.0	0.0	0.0	0.0	0.0
Multi-Family with 5+ Units	1950s	None	Both Shared	1.0	0.0	0.0	0.0	0.0	0.0
Multi-Family with 5+ Units	1950s	None	Neither Shared	1.0	0.0	0.0	0.0	0.0	0.0
Multi-Family with 5+ Units	1950s	None	Only Cooling Shared	1.0	0.0	0.0	0.0	0.0	0.0
Multi-Family with 5+ Units	1950s	None	Only Heating Shared	1.0	0.0	0.0	0.0	0.0	0.0
Multi-Family with 5+ Units	1960s	None	Both Shared	1.0	0.0	0.0	0.0	0.0	0.0
Multi-Family with 5+ Units	1960s	None	Neither Shared	1.0	0.0	0.0	0.0	0.0	0.0
Multi-Family with 5+ Units	1960s	None	Only Cooling Shared	1.0	0.0	0.0	0.0	0.0	0.0
Multi-Family with 5+ Units	1960s	None	Only Heating Shared	1.0	0.0	0.0	0.0	0.0	0.0
Multi-Family with 5+ Units	1970s	None	Both Shared	1.0	0.0	0.0	0.0	0.0	0.0
Multi-Family with 5+ Units	1970s	None	Neither Shared	1.0	0.0	0.0	0.0	0.0	0.0
Multi-Family with 5+ Units	1970s	None	Only Cooling Shared	1.0	0.0	0.0	0.0	0.0	0.0
Multi-Family with 5+ Units	1970s	None	Only Heating Shared	1.0	0.0	0.0	0.0	0.0	0.0
Multi-Family with 5+ Units	1980s	None	Both Shared	1.0	0.0	0.0	0.0	0.0	0.0
Multi-Family with 5+ Units	1980s	None	Neither Shared	1.0	0.0	0.0	0.0	0.0	0.0
Multi-Family with 5+ Units	1980s	None	Only Cooling Shared	1.0	0.0	0.0	0.0	0.0	0.0
Multi-Family with 5+ Units	1980s	None	Only Heating Shared	1.0	0.0	0.0	0.0	0.0	0.0
Multi-Family with 5+ Units	1990s	None	Both Shared	1.0	0.0	0.0	0.0	0.0	0.0
Multi-Family with 5+ Units	1990s	None	Neither Shared	1.0	0.0	0.0	0.0	0.0	0.0
Multi-Family with 5+ Units	1990s	None	Only Cooling Shared	1.0	0.0	0.0	0.0	0.0	0.0
Multi-Family with 5+ Units	1990s	None	Only Heating Shared	1.0	0.0	0.0	0.0	0.0	0.0
Multi-Family with 5+ Units	2000s	None	Both Shared	1.0	0.0	0.0	0.0	0.0	0.0
Multi-Family with 5+ Units	2000s	None	Neither Shared	1.0	0.0	0.0	0.0	0.0	0.0
Multi-Family with 5+ Units	2000s	None	Only Cooling Shared	1.0	0.0	0.0	0.0	0.0	0.0
Multi-Family with 5+ Units	2000s	None	Only Heating Shared	1.0	0.0	0.0	0.0	0.0	0.0
Multi-Family with 5+ Units	2010s	None	Both Shared	1.0	0.0	0.0	0.0	0.0	0.0
Multi-Family with 5+ Units	2010s	None	Neither Shared	1.0	0.0	0.0	0.0	0.0	0.0
Multi-Family with 5+ Units	2010s	None	Only Cooling Shared	1.0	0.0	0.0	0.0	0.0	0.0
Multi-Family with 5+ Units	2010s	None	Only Heating Shared	1.0	0.0	0.0	0.0	0.0	0.0
Single-Family Attached	<1940	None	Both Shared	1.0	0.0	0.0	0.0	0.0	0.0
Single-Family Attached	<1940	None	Neither Shared	1.0	0.0	0.0	0.0	0.0	0.0
Single-Family Attached	<1940	None	Only Cooling Shared	1.0	0.0	0.0	0.0	0.0	0.0
Single-Family Attached	<1940	None	Only Heating Shared	1.0	0.0	0.0	0.0	0.0	0.0
Single-Family Attached	1940s	None	Both Shared	1.0	0.0	0.0	0.0	0.0	0.0
Single-Family Attached	1940s	None	Neither Shared	1.0	0.0	0.0	0.0	0.0	0.0
Single-Family Attached	1940s	None	Only Cooling Shared	1.0	0.0	0.0	0.0	0.0	0.0
Single-Family Attached	1940s	None	Only Heating Shared	1.0	0.0	0.0	0.0	0.0	0.0
Single-Family Attached	1950s	None	Both Shared	1.0	0.0	0.0	0.0	0.0	0.0
Single-Family Attached	1950s	None	Neither Shared	1.0	0.0	0.0	0.0	0.0	0.0
Single-Family Attached	1950s	None	Only Cooling Shared	1.0	0.0	0.0	0.0	0.0	0.0
Single-Family Attached	1950s	None	Only Heating Shared	1.0	0.0	0.0	0.0	0.0	0.0
Single-Family Attached	1960s	None	Both Shared	1.0	0.0	0.0	0.0	0.0	0.0
Single-Family Attached	1960s	None	Neither Shared	1.0	0.0	0.0	0.0	0.0	0.0
Single-Family Attached	1960s	None	Only Cooling Shared	1.0	0.0	0.0	0.0	0.0	0.0
Single-Family Attached	1960s	None	Only Heating Shared	1.0	0.0	0.0	0.0	0.0	0.0
Single-Family Attached	1970s	None	Both Shared	1.0	0.0	0.0	0.0	0.0	0.0
Single-Family Attached	1970s	None	Neither Shared	1.0	0.0	0.0	0.0	0.0	0.0
Single-Family Attached	1970s	None	Only Cooling Shared	1.0	0.0	0.0	0.0	0.0	0.0
Single-Family Attached	1970s	None	Only Heating Shared	1.0	0.0	0.0	0.0	0.0	0.0
Single-Family Attached	1980s	None	Both Shared	1.0	0.0	0.0	0.0	0.0	0.0
Single-Family Attached	1980s	None	Neither Shared	1.0	0.0	0.0	0.0	0.0	0.0
Single-Family Attached	1980s	None	Only Cooling Shared	1.0	0.0	0.0	0.0	0.0	0.0
Single-Family Attached	1980s	None	Only Heating Shared	1.0	0.0	0.0	0.0	0.0	0.0
Single-Family Attached	1990s	None	Both Shared	1.0	0.0	0.0	0.0	0.0	0.0
Single-Family Attached	1990s	None	Neither Shared	1.0	0.0	0.0	0.0	0.0	0.0
Single-Family Attached	1990s	None	Only Cooling Shared	1.0	0.0	0.0	0.0	0.0	0.0
Single-Family Attached	1990s	None	Only Heating Shared	1.0	0.0	0.0	0.0	0.0	0.0
Single-Family Attached	2000s	None	Both Shared	1.0	0.0	0.0	0.0	0.0	0.0
Single-Family Attached	2000s	None	Neither Shared	1.0	0.0	0.0	0.0	0.0	0.0
Single-Family Attached	2000s	None	Only Cooling Shared	1.0	0.0	0.0	0.0	0.0	0.0
Single-Family Attached	2000s	None	Only Heating Shared	1.0	0.0	0.0	0.0	0.0	0.0
Single-Family Attached	2010s	None	Both Shared	1.0	0.0	0.0	0.0	0.0	0.0
Single-Family Attached	2010s	None	Neither Shared	1.0	0.0	0.0	0.0	0.0	0.0
Single-Family Attached	2010s	None	Only Cooling Shared	1.0	0.0	0.0	0.0	0.0	0.0
Single-Family Attached	2010s	None	Only Heating Shared	1.0	0.0	0.0	0.0	0.0	0.0
Single-Family Detached	<1940	None	Both Shared	1.0	0.0	0.0	0.0	0.0	0.0
Single-Family Detached	<1940	None	Neither Shared	1.0	0.0	0.0	0.0	0.0	0.0
Single-Family Detached	<1940	None	Only Cooling Shared	1.0	0.0	0.0	0.0	0.0	0.0
Single-Family Detached	<1940	None	Only Heating Shared	1.0	0.0	0.0	0.0	0.0	0.0
Single-Family Detached	1940s	None	Both Shared	1.0	0.0	0.0	0.0	0.0	0.0
Single-Family Detached	1940s	None	Neither Shared	1.0	0.0	0.0	0.0	0.0	0.0
Single-Family Detached	1940s	None	Only Cooling Shared	1.0	0.0	0.0	0.0	0.0	0.0
Single-Family Detached	1940s	None	Only Heating Shared	1.0	0.0	0.0	0.0	0.0	0.0
Single-Family Detached	1950s	None	Both Shared	1.0	0.0	0.0	0.0	0.0	0.0
Single-Family Detached	1950s	None	Neither Shared	1.0	0.0	0.0	0.0	0.0	0.0
Single-Family Detached	1950s	None	Only Cooling Shared	1.0	0.0	0.0	0.0	0.0	0.0
Single-Family Detached	1950s	None	Only Heating Shared	1.0	0.0	0.0	0.0	0.0	0.0
Single-Family Detached	1960s	None	Both Shared	1.0	0.0	0.0	0.0	0.0	0.0
Single-Family Detached	1960s	None	Neither Shared	1.0	0.0	0.0	0.0	0.0	0.0
Single-Family Detached	1960s	None	Only Cooling Shared	1.0	0.0	0.0	0.0	0.0	0.0
Single-Family Detached	1960s	None	Only Heating Shared	1.0	0.0	0.0	0.0	0.0	0.0
Single-Family Detached	1970s	None	Both Shared	1.0	0.0	0.0	0.0	0.0	0.0
Single-Family Detached	1970s	None	Neither Shared	1.0	0.0	0.0	0.0	0.0	0.0
Single-Family Detached	1970s	None	Only Cooling Shared	1.0	0.0	0.0	0.0	0.0	0.0
Single-Family Detached	1970s	None	Only Heating Shared	1.0	0.0	0.0	0.0	0.0	0.0
Single-Family Detached	1980s	None	Both Shared	1.0	0.0	0.0	0.0	0.0	0.0
Single-Family Detached	1980s	None	Neither Shared	1.0	0.0	0.0	0.0	0.0	0.0
Single-Family Detached	1980s	None	Only Cooling Shared	1.0	0.0	0.0	0.0	0.0	0.0
Single-Family Detached	1980s	None	Only Heating Shared	1.0	0.0	0.0	0.0	0.0	0.0
Single-Family Detached	1990s	None	Both Shared	1.0	0.0	0.0	0.0	0.0	0.0
Single-Family Detached	1990s	None	Neither Shared	1.0	0.0	0.0	0.0	0.0	0.0
Single-Family Detached	1990s	None	Only Cooling Shared	1.0	0.0	0.0	0.0	0.0	0.0
Single-Family Detached	1990s	None	Only Heating Shared	1.0	0.0	0.0	0.0	0.0	0.0
Single-Family Detached	2000s	None	Both Shared	1.0	0.0	0.0	0.0	0.0	0.0
Single-Family Detached	2000s	None	Neither Shared	1.0	0.0	0.0	0.0	0.0	0.0
Single-Family Detached	2000s	None	Only Cooling Shared	1.0	0.0	0.0	0.0	0.0	0.0
Single-Family Detached	2000s	None	Only Heating Shared	1.0	0.0	0.0	0.0	0.0	0.0
Single-Family Detached	2010s	None	Both Shared	1.0	0.0	0.0	0.0	0.0	0.0
Single-Family Detached	2010s	None	Neither Shared	1.0	0.0	0.0	0.0	0.0	0.0
Single-Family Detached	2010s	None	Only Cooling Shared	1.0	0.0	0.0	0.0	0.0	0.0
Single-Family Detached	2010s	None	Only Heating Shared	1.0	0.0	0.0	0.0	0.0	0.0
Mobile Home	<1940	Other Fuel	Both Shared	1.0	0.0	0.0	0.0	0.0	0.0
Mobile Home	<1940	Other Fuel	Neither Shared	1.0	0.0	0.0	0.0	0.0	0.00020704000000000005
Mobile Home	<1940	Other Fuel	Only Cooling Shared	1.0	0.0	0.0	0.0	0.0	0.0
Mobile Home	<1940	Other Fuel	Only Heating Shared	1.0	0.0	0.0	0.0	0.0	0.0
Mobile Home	1940s	Other Fuel	Both Shared	1.0	0.0	0.0	0.0	0.0	0.0
Mobile Home	1940s	Other Fuel	Neither Shared	1.0	0.0	0.0	0.0	0.0	0.00041408000000000016
Mobile Home	1940s	Other Fuel	Only Cooling Shared	1.0	0.0	0.0	0.0	0.0	0.0
Mobile Home	1940s	Other Fuel	Only Heating Shared	1.0	0.0	0.0	0.0	0.0	0.0
Mobile Home	1950s	Other Fuel	Both Shared	1.0	0.0	0.0	0.0	0.0	0.0
Mobile Home	1950s	Other Fuel	Neither Shared	1.0	0.0	0.0	0.0	0.0	0.00020704000000000005
Mobile Home	1950s	Other Fuel	Only Cooling Shared	1.0	0.0	0.0	0.0	0.0	0.0
Mobile Home	1950s	Other Fuel	Only Heating Shared	1.0	0.0	0.0	0.0	0.0	0.0
Mobile Home	1960s	Other Fuel	Both Shared	1.0	0.0	0.0	0.0	0.0	0.0
Mobile Home	1960s	Other Fuel	Neither Shared	1.0	0.0	0.0	0.0	0.0	0.00020704000000000005
Mobile Home	1960s	Other Fuel	Only Cooling Shared	1.0	0.0	0.0	0.0	0.0	0.0
Mobile Home	1960s	Other Fuel	Only Heating Shared	1.0	0.0	0.0	0.0	0.0	0.0
Mobile Home	1970s	Other Fuel	Both Shared	1.0	0.0	0.0	0.0	0.0	0.0
Mobile Home	1970s	Other Fuel	Neither Shared	1.0	0.0	0.0	0.0	0.0	0.00020704000000000005
Mobile Home	1970s	Other Fuel	Only Cooling Shared	1.0	0.0	0.0	0.0	0.0	0.0
Mobile Home	1970s	Other Fuel	Only Heating Shared	1.0	0.0	0.0	0.0	0.0	0.0
Mobile Home	1980s	Other Fuel	Both Shared	1.0	0.0	0.0	0.0	0.0	0.0
Mobile Home	1980s	Other Fuel	Neither Shared	1.0	0.0	0.0	0.0	0.0	0.00020704000000000005
Mobile Home	1980s	Other Fuel	Only Cooling Shared	1.0	0.0	0.0	0.0	0.0	0.0
Mobile Home	1980s	Other Fuel	Only Heating Shared	1.0	0.0	0.0	0.0	0.0	0.0
Mobile Home	1990s	Other Fuel	Both Shared	1.0	0.0	0.0	0.0	0.0	0.0
Mobile Home	1990s	Other Fuel	Neither Shared	1.0	0.0	0.0	0.0	0.0	0.00020704000000000005
Mobile Home	1990s	Other Fuel	Only Cooling Shared	1.0	0.0	0.0	0.0	0.0	0.0
Mobile Home	1990s	Other Fuel	Only Heating Shared	1.0	0.0	0.0	0.0	0.0	0.0
Mobile Home	2000s	Other Fuel	Both Shared	1.0	0.0	0.0	0.0	0.0	0.0
Mobile Home	2000s	Other Fuel	Neither Shared	1.0	0.0	0.0	0.0	0.0	0.00020704000000000005
Mobile Home	2000s	Other Fuel	Only Cooling Shared	1.0	0.0	0.0	0.0	0.0	0.0
Mobile Home	2000s	Other Fuel	Only Heating Shared	1.0	0.0	0.0	0.0	0.0	0.0
Mobile Home	2010s	Other Fuel	Both Shared	1.0	0.0	0.0	0.0	0.0	0.0
Mobile Home	2010s	Other Fuel	Neither Shared	1.0	0.0	0.0	0.0	0.0	0.00020704000000000005
Mobile Home	2010s	Other Fuel	Only Cooling Shared	1.0	0.0	0.0	0.0	0.0	0.0
Mobile Home	2010s	Other Fuel	Only Heating Shared	1.0	0.0	0.0	0.0	0.0	0.0
Multi-Family with 2 - 4 Units	<1940	Other Fuel	Both Shared	1.0	0.0	0.0	0.0	0.0	0.0
Multi-Family with 2 - 4 Units	<1940	Other Fuel	Neither Shared	1.0	0.0	0.0	0.0	0.0	0.0
Multi-Family with 2 - 4 Units	<1940	Other Fuel	Only Cooling Shared	1.0	0.0	0.0	0.0	0.0	0.0
Multi-Family with 2 - 4 Units	<1940	Other Fuel	Only Heating Shared	1.0	0.0	0.0	0.0	0.0	0.00020704000000000005
Multi-Family with 2 - 4 Units	1940s	Other Fuel	Both Shared	1.0	0.0	0.0	0.0	0.0	0.0
Multi-Family with 2 - 4 Units	1940s	Other Fuel	Neither Shared	1.0	0.0	0.0	0.0	0.0	0.0
Multi-Family with 2 - 4 Units	1940s	Other Fuel	Only Cooling Shared	1.0	0.0	0.0	0.0	0.0	0.0
Multi-Family with 2 - 4 Units	1940s	Other Fuel	Only Heating Shared	1.0	0.0	0.0	0.0	0.0	0.00041408000000000016
Multi-Family with 2 - 4 Units	1950s	Other Fuel	Both Shared	1.0	0.0	0.0	0.0	0.0	0.0
Multi-Family with 2 - 4 Units	1950s	Other Fuel	Neither Shared	1.0	0.0	0.0	0.0	0.0	0.00020704000000000005
Multi-Family with 2 - 4 Units	1950s	Other Fuel	Only Cooling Shared	1.0	0.0	0.0	0.0	0.0	0.0
Multi-Family with 2 - 4 Units	1950s	Other Fuel	Only Heating Shared	1.0	0.0	0.0	0.0	0.0	0.0
Multi-Family with 2 - 4 Units	1960s	Other Fuel	Both Shared	1.0	0.0	0.0	0.0	0.0	0.0
Multi-Family with 2 - 4 Units	1960s	Other Fuel	Neither Shared	1.0	0.0	0.0	0.0	0.0	0.00020704000000000005
Multi-Family with 2 - 4 Units	1960s	Other Fuel	Only Cooling Shared	1.0	0.0	0.0	0.0	0.0	0.0
Multi-Family with 2 - 4 Units	1960s	Other Fuel	Only Heating Shared	1.0	0.0	0.0	0.0	0.0	0.0
Multi-Family with 2 - 4 Units	1970s	Other Fuel	Both Shared	1.0	0.0	0.0	0.0	0.0	0.0
Multi-Family with 2 - 4 Units	1970s	Other Fuel	Neither Shared	1.0	0.0	0.0	0.0	0.0	0.00020704000000000005
Multi-Family with 2 - 4 Units	1970s	Other Fuel	Only Cooling Shared	1.0	0.0	0.0	0.0	0.0	0.0
Multi-Family with 2 - 4 Units	1970s	Other Fuel	Only Heating Shared	1.0	0.0	0.0	0.0	0.0	0.0
Multi-Family with 2 - 4 Units	1980s	Other Fuel	Both Shared	1.0	0.0	0.0	0.0	0.0	0.0
Multi-Family with 2 - 4 Units	1980s	Other Fuel	Neither Shared	1.0	0.0	0.0	0.0	0.0	0.00020704000000000005
Multi-Family with 2 - 4 Units	1980s	Other Fuel	Only Cooling Shared	1.0	0.0	0.0	0.0	0.0	0.0
Multi-Family with 2 - 4 Units	1980s	Other Fuel	Only Heating Shared	1.0	0.0	0.0	0.0	0.0	0.0
Multi-Family with 2 - 4 Units	1990s	Other Fuel	Both Shared	1.0	0.0	0.0	0.0	0.0	0.0
Multi-Family with 2 - 4 Units	1990s	Other Fuel	Neither Shared	1.0	0.0	0.0	0.0	0.0	0.00020704000000000005
Multi-Family with 2 - 4 Units	1990s	Other Fuel	Only Cooling Shared	1.0	0.0	0.0	0.0	0.0	0.0
Multi-Family with 2 - 4 Units	1990s	Other Fuel	Only Heating Shared	1.0	0.0	0.0	0.0	0.0	0.0
Multi-Family with 2 - 4 Units	2000s	Other Fuel	Both Shared	1.0	0.0	0.0	0.0	0.0	0.0
Multi-Family with 2 - 4 Units	2000s	Other Fuel	Neither Shared	1.0	0.0	0.0	0.0	0.0	0.00020704000000000005
Multi-Family with 2 - 4 Units	2000s	Other Fuel	Only Cooling Shared	1.0	0.0	0.0	0.0	0.0	0.0
Multi-Family with 2 - 4 Units	2000s	Other Fuel	Only Heating Shared	1.0	0.0	0.0	0.0	0.0	0.0
Multi-Family with 2 - 4 Units	2010s	Other Fuel	Both Shared	1.0	0.0	0.0	0.0	0.0	0.0
Multi-Family with 2 - 4 Units	2010s	Other Fuel	Neither Shared	1.0	0.0	0.0	0.0	0.0	0.00020704000000000005
Multi-Family with 2 - 4 Units	2010s	Other Fuel	Only Cooling Shared	1.0	0.0	0.0	0.0	0.0	0.0
Multi-Family with 2 - 4 Units	2010s	Other Fuel	Only Heating Shared	1.0	0.0	0.0	0.0	0.0	0.0
Multi-Family with 5+ Units	<1940	Other Fuel	Both Shared	1.0	0.0	0.0	0.0	0.0	0.0
Multi-Family with 5+ Units	<1940	Other Fuel	Neither Shared	1.0	0.0	0.0	0.0	0.0	1.280107616e-05
Multi-Family with 5+ Units	<1940	Other Fuel	Only Cooling Shared	1.0	0.0	0.0	0.0	0.0	0.0
Multi-Family with 5+ Units	<1940	Other Fuel	Only Heating Shared	1.0	0.0	0.0	0.0	0.0	0.00019423892384
Multi-Family with 5+ Units	1940s	Other Fuel	Both Shared	1.0	0.0	0.0	0.0	0.0	0.0
Multi-Family with 5+ Units	1940s	Other Fuel	Neither Shared	1.0	0.0	0.0	0.0	0.0	2.560215232e-05
Multi-Family with 5+ Units	1940s	Other Fuel	Only Cooling Shared	1.0	0.0	0.0	0.0	0.0	0.0
Multi-Family with 5+ Units	1940s	Other Fuel	Only Heating Shared	1.0	0.0	0.0	0.0	0.0	0.00038847784768
Multi-Family with 5+ Units	1950s	Other Fuel	Both Shared	1.0	0.0	0.0	0.0	0.0	0.0
Multi-Family with 5+ Units	1950s	Other Fuel	Neither Shared	1.0	0.0	0.0	0.0	0.0	0.00020704000000000005
Multi-Family with 5+ Units	1950s	Other Fuel	Only Cooling Shared	1.0	0.0	0.0	0.0	0.0	0.0
Multi-Family with 5+ Units	1950s	Other Fuel	Only Heating Shared	1.0	0.0	0.0	0.0	0.0	0.0
Multi-Family with 5+ Units	1960s	Other Fuel	Both Shared	1.0	0.0	0.0	0.0	0.0	0.0
Multi-Family with 5+ Units	1960s	Other Fuel	Neither Shared	1.0	0.0	0.0	0.0	0.0	7.431121088e-05
Multi-Family with 5+ Units	1960s	Other Fuel	Only Cooling Shared	1.0	0.0	0.0	0.0	0.0	0.0
Multi-Family with 5+ Units	1960s	Other Fuel	Only Heating Shared	1.0	0.0	0.0	0.0	0.0	0.00013272878911999998
Multi-Family with 5+ Units	1970s	Other Fuel	Both Shared	1.0	0.0	0.0	0.0	0.0	0.00011177012991999999
Multi-Family with 5+ Units	1970s	Other Fuel	Neither Shared	1.0	0.0	0.0	0.0	0.0	3.5240071359999996e-05
Multi-Family with 5+ Units	1970s	Other Fuel	Only Cooling Shared	1.0	0.0	0.0	0.0	0.0	0.0
Multi-Family with 5+ Units	1970s	Other Fuel	Only Heating Shared	1.0	0.0	0.0	0.0	0.0	6.002979872e-05
Multi-Family with 5+ Units	1980s	Other Fuel	Both Shared	1.0	0.0	0.0	0.0	0.0	0.0
Multi-Family with 5+ Units	1980s	Other Fuel	Neither Shared	1.0	0.0	0.0	0.0	0.0	6.804928607999999e-05
Multi-Family with 5+ Units	1980s	Other Fuel	Only Cooling Shared	1.0	0.0	0.0	0.0	0.0	0.0
Multi-Family with 5+ Units	1980s	Other Fuel	Only Heating Shared	1.0	0.0	0.0	0.0	0.0	0.00013899071392
Multi-Family with 5+ Units	1990s	Other Fuel	Both Shared	1.0	0.0	0.0	0.0	0.0	0.0
Multi-Family with 5+ Units	1990s	Other Fuel	Neither Shared	1.0	0.0	0.0	0.0	0.0	0.0
Multi-Family with 5+ Units	1990s	Other Fuel	Only Cooling Shared	1.0	0.0	0.0	0.0	0.0	0.0
Multi-Family with 5+ Units	1990s	Other Fuel	Only Heating Shared	1.0	0.0	0.0	0.0	0.0	0.00020704000000000005
Multi-Family with 5+ Units	2000s	Other Fuel	Both Shared	1.0	0.0	0.0	0.0	0.0	0.0
Multi-Family with 5+ Units	2000s	Other Fuel	Neither Shared	1.0	0.0	0.0	0.0	0.0	0.0
Multi-Family with 5+ Units	2000s	Other Fuel	Only Cooling Shared	1.0	0.0	0.0	0.0	0.0	0.0
Multi-Family with 5+ Units	2000s	Other Fuel	Only Heating Shared	1.0	0.0	0.0	0.0	0.0	0.00020704000000000005
Multi-Family with 5+ Units	2010s	Other Fuel	Both Shared	1.0	0.0	0.0	0.0	0.0	0.0
Multi-Family with 5+ Units	2010s	Other Fuel	Neither Shared	1.0	0.0	0.0	0.0	0.0	0.0
Multi-Family with 5+ Units	2010s	Other Fuel	Only Cooling Shared	1.0	0.0	0.0	0.0	0.0	0.0
Multi-Family with 5+ Units	2010s	Other Fuel	Only Heating Shared	1.0	0.0	0.0	0.0	0.0	0.00020704000000000005
Single-Family Attached	<1940	Other Fuel	Both Shared	1.0	0.0	0.0	0.0	0.0	0.0
Single-Family Attached	<1940	Other Fuel	Neither Shared	1.0	0.0	0.0	0.0	0.0	0.00020704000000000005
Single-Family Attached	<1940	Other Fuel	Only Cooling Shared	1.0	0.0	0.0	0.0	0.0	0.0
Single-Family Attached	<1940	Other Fuel	Only Heating Shared	1.0	0.0	0.0	0.0	0.0	0.0
Single-Family Attached	1940s	Other Fuel	Both Shared	1.0	0.0	0.0	0.0	0.0	0.0
Single-Family Attached	1940s	Other Fuel	Neither Shared	1.0	0.0	0.0	0.0	0.0	0.00041408000000000016
Single-Family Attached	1940s	Other Fuel	Only Cooling Shared	1.0	0.0	0.0	0.0	0.0	0.0
Single-Family Attached	1940s	Other Fuel	Only Heating Shared	1.0	0.0	0.0	0.0	0.0	0.0
Single-Family Attached	1950s	Other Fuel	Both Shared	1.0	0.0	0.0	0.0	0.0	0.0
Single-Family Attached	1950s	Other Fuel	Neither Shared	1.0	0.0	0.0	0.0	0.0	0.00020704000000000005
Single-Family Attached	1950s	Other Fuel	Only Cooling Shared	1.0	0.0	0.0	0.0	0.0	0.0
Single-Family Attached	1950s	Other Fuel	Only Heating Shared	1.0	0.0	0.0	0.0	0.0	0.0
Single-Family Attached	1960s	Other Fuel	Both Shared	1.0	0.0	0.0	0.0	0.0	0.0
Single-Family Attached	1960s	Other Fuel	Neither Shared	1.0	0.0	0.0	0.0	0.0	0.00020704000000000005
Single-Family Attached	1960s	Other Fuel	Only Cooling Shared	1.0	0.0	0.0	0.0	0.0	0.0
Single-Family Attached	1960s	Other Fuel	Only Heating Shared	1.0	0.0	0.0	0.0	0.0	0.0
Single-Family Attached	1970s	Other Fuel	Both Shared	1.0	0.0	0.0	0.0	0.0	0.0
Single-Family Attached	1970s	Other Fuel	Neither Shared	1.0	0.0	0.0	0.0	0.0	0.00020704000000000005
Single-Family Attached	1970s	Other Fuel	Only Cooling Shared	1.0	0.0	0.0	0.0	0.0	0.0
Single-Family Attached	1970s	Other Fuel	Only Heating Shared	1.0	0.0	0.0	0.0	0.0	0.0
Single-Family Attached	1980s	Other Fuel	Both Shared	1.0	0.0	0.0	0.0	0.0	0.0
Single-Family Attached	1980s	Other Fuel	Neither Shared	1.0	0.0	0.0	0.0	0.0	0.00020704000000000005
Single-Family Attached	1980s	Other Fuel	Only Cooling Shared	1.0	0.0	0.0	0.0	0.0	0.0
Single-Family Attached	1980s	Other Fuel	Only Heating Shared	1.0	0.0	0.0	0.0	0.0	0.0
Single-Family Attached	1990s	Other Fuel	Both Shared	1.0	0.0	0.0	0.0	0.0	0.0
Single-Family Attached	1990s	Other Fuel	Neither Shared	1.0	0.0	0.0	0.0	0.0	0.00020704000000000005
Single-Family Attached	1990s	Other Fuel	Only Cooling Shared	1.0	0.0	0.0	0.0	0.0	0.0
Single-Family Attached	1990s	Other Fuel	Only Heating Shared	1.0	0.0	0.0	0.0	0.0	0.0
Single-Family Attached	2000s	Other Fuel	Both Shared	1.0	0.0	0.0	0.0	0.0	0.0
Single-Family Attached	2000s	Other Fuel	Neither Shared	1.0	0.0	0.0	0.0	0.0	0.00020704000000000005
Single-Family Attached	2000s	Other Fuel	Only Cooling Shared	1.0	0.0	0.0	0.0	0.0	0.0
Single-Family Attached	2000s	Other Fuel	Only Heating Shared	1.0	0.0	0.0	0.0	0.0	0.0
Single-Family Attached	2010s	Other Fuel	Both Shared	1.0	0.0	0.0	0.0	0.0	0.0
Single-Family Attached	2010s	Other Fuel	Neither Shared	1.0	0.0	0.0	0.0	0.0	0.00020704000000000005
Single-Family Attached	2010s	Other Fuel	Only Cooling Shared	1.0	0.0	0.0	0.0	0.0	0.0
Single-Family Attached	2010s	Other Fuel	Only Heating Shared	1.0	0.0	0.0	0.0	0.0	0.0
Single-Family Detached	<1940	Other Fuel	Both Shared	1.0	0.0	0.0	0.0	0.0	0.0
Single-Family Detached	<1940	Other Fuel	Neither Shared	1.0	0.0	0.0	0.0	0.0	0.00020704000000000005
Single-Family Detached	<1940	Other Fuel	Only Cooling Shared	1.0	0.0	0.0	0.0	0.0	0.0
Single-Family Detached	<1940	Other Fuel	Only Heating Shared	1.0	0.0	0.0	0.0	0.0	0.0
Single-Family Detached	1940s	Other Fuel	Both Shared	1.0	0.0	0.0	0.0	0.0	0.0
Single-Family Detached	1940s	Other Fuel	Neither Shared	1.0	0.0	0.0	0.0	0.0	0.00041408000000000016
Single-Family Detached	1940s	Other Fuel	Only Cooling Shared	1.0	0.0	0.0	0.0	0.0	0.0
Single-Family Detached	1940s	Other Fuel	Only Heating Shared	1.0	0.0	0.0	0.0	0.0	0.0
Single-Family Detached	1950s	Other Fuel	Both Shared	1.0	0.0	0.0	0.0	0.0	0.0
Single-Family Detached	1950s	Other Fuel	Neither Shared	1.0	0.0	0.0	0.0	0.0	0.00020704000000000005
Single-Family Detached	1950s	Other Fuel	Only Cooling Shared	1.0	0.0	0.0	0.0	0.0	0.0
Single-Family Detached	1950s	Other Fuel	Only Heating Shared	1.0	0.0	0.0	0.0	0.0	0.0
Single-Family Detached	1960s	Other Fuel	Both Shared	1.0	0.0	0.0	0.0	0.0	0.0
Single-Family Detached	1960s	Other Fuel	Neither Shared	1.0	0.0	0.0	0.0	0.0	0.00020704000000000005
Single-Family Detached	1960s	Other Fuel	Only Cooling Shared	1.0	0.0	0.0	0.0	0.0	0.0
Single-Family Detached	1960s	Other Fuel	Only Heating Shared	1.0	0.0	0.0	0.0	0.0	0.0
Single-Family Detached	1970s	Other Fuel	Both Shared	1.0	0.0	0.0	0.0	0.0	0.0
Single-Family Detached	1970s	Other Fuel	Neither Shared	1.0	0.0	0.0	0.0	0.0	0.00020704000000000005
Single-Family Detached	1970s	Other Fuel	Only Cooling Shared	1.0	0.0	0.0	0.0	0.0	0.0
Single-Family Detached	1970s	Other Fuel	Only Heating Shared	1.0	0.0	0.0	0.0	0.0	0.0
Single-Family Detached	1980s	Other Fuel	Both Shared	1.0	0.0	0.0	0.0	0.0	0.0
Single-Family Detached	1980s	Other Fuel	Neither Shared	1.0	0.0	0.0	0.0	0.0	0.00020704000000000005
Single-Family Detached	1980s	Other Fuel	Only Cooling Shared	1.0	0.0	0.0	0.0	0.0	0.0
Single-Family Detached	1980s	Other Fuel	Only Heating Shared	1.0	0.0	0.0	0.0	0.0	0.0
Single-Family Detached	1990s	Other Fuel	Both Shared	1.0	0.0	0.0	0.0	0.0	0.0
Single-Family Detached	1990s	Other Fuel	Neither Shared	1.0	0.0	0.0	0.0	0.0	0.00020704000000000005
Single-Family Detached	1990s	Other Fuel	Only Cooling Shared	1.0	0.0	0.0	0.0	0.0	0.0
Single-Family Detached	1990s	Other Fuel	Only Heating Shared	1.0	0.0	0.0	0.0	0.0	0.0
Single-Family Detached	2000s	Other Fuel	Both Shared	1.0	0.0	0.0	0.0	0.0	0.0
Single-Family Detached	2000s	Other Fuel	Neither Shared	1.0	0.0	0.0	0.0	0.0	0.00020704000000000005
Single-Family Detached	2000s	Other Fuel	Only Cooling Shared	1.0	0.0	0.0	0.0	0.0	0.0
Single-Family Detached	2000s	Other Fuel	Only Heating Shared	1.0	0.0	0.0	0.0	0.0	0.0
Single-Family Detached	2010s	Other Fuel	Both Shared	1.0	0.0	0.0	0.0	0.0	0.0
Single-Family Detached	2010s	Other Fuel	Neither Shared	1.0	0.0	0.0	0.0	0.0	0.00020704000000000005
Single-Family Detached	2010s	Other Fuel	Only Cooling Shared	1.0	0.0	0.0	0.0	0.0	0.0
Single-Family Detached	2010s	Other Fuel	Only Heating Shared	1.0	0.0	0.0	0.0	0.0	0.0
Mobile Home	<1940	Propane	Both Shared	0.0	0.5	0.0	0.0	0.5	0.0
Mobile Home	<1940	Propane	Neither Shared	1.0	0.0	0.0	0.0	0.0	0.002484480000000001
Mobile Home	<1940	Propane	Only Cooling Shared	0.0	0.0	1.0	0.0	0.0	0.0
Mobile Home	<1940	Propane	Only Heating Shared	0.0	0.0	0.0	1.0	0.0	0.0
Mobile Home	1940s	Propane	Both Shared	0.0	0.5	0.0	0.0	0.5	0.0
Mobile Home	1940s	Propane	Neither Shared	1.0	0.0	0.0	0.0	0.0	0.0049689600000000006
Mobile Home	1940s	Propane	Only Cooling Shared	0.0	0.0	1.0	0.0	0.0	0.0
Mobile Home	1940s	Propane	Only Heating Shared	0.0	0.0	0.0	1.0	0.0	0.0
Mobile Home	1950s	Propane	Both Shared	0.0	0.5	0.0	0.0	0.5	0.0
Mobile Home	1950s	Propane	Neither Shared	1.0	0.0	0.0	0.0	0.0	0.002484480000000001
Mobile Home	1950s	Propane	Only Cooling Shared	0.0	0.0	1.0	0.0	0.0	0.0
Mobile Home	1950s	Propane	Only Heating Shared	0.0	0.0	0.0	1.0	0.0	0.0
Mobile Home	1960s	Propane	Both Shared	0.0	0.5	0.0	0.0	0.5	0.0
Mobile Home	1960s	Propane	Neither Shared	1.0	0.0	0.0	0.0	0.0	0.002484480000000001
Mobile Home	1960s	Propane	Only Cooling Shared	0.0	0.0	1.0	0.0	0.0	0.0
Mobile Home	1960s	Propane	Only Heating Shared	0.0	0.0	0.0	1.0	0.0	0.0
Mobile Home	1970s	Propane	Both Shared	0.0	0.5	0.0	0.0	0.5	0.0
Mobile Home	1970s	Propane	Neither Shared	1.0	0.0	0.0	0.0	0.0	0.002484480000000001
Mobile Home	1970s	Propane	Only Cooling Shared	0.0	0.0	1.0	0.0	0.0	0.0
Mobile Home	1970s	Propane	Only Heating Shared	0.0	0.0	0.0	1.0	0.0	0.0
Mobile Home	1980s	Propane	Both Shared	0.0	0.5	0.0	0.0	0.5	0.0
Mobile Home	1980s	Propane	Neither Shared	1.0	0.0	0.0	0.0	0.0	0.002484480000000001
Mobile Home	1980s	Propane	Only Cooling Shared	0.0	0.0	1.0	0.0	0.0	0.0
Mobile Home	1980s	Propane	Only Heating Shared	0.0	0.0	0.0	1.0	0.0	0.0
Mobile Home	1990s	Propane	Both Shared	0.0	0.5	0.0	0.0	0.5	0.0
Mobile Home	1990s	Propane	Neither Shared	1.0	0.0	0.0	0.0	0.0	0.002484480000000001
Mobile Home	1990s	Propane	Only Cooling Shared	0.0	0.0	1.0	0.0	0.0	0.0
Mobile Home	1990s	Propane	Only Heating Shared	0.0	0.0	0.0	1.0	0.0	0.0
Mobile Home	2000s	Propane	Both Shared	0.0	0.5	0.0	0.0	0.5	0.0
Mobile Home	2000s	Propane	Neither Shared	1.0	0.0	0.0	0.0	0.0	0.002484480000000001
Mobile Home	2000s	Propane	Only Cooling Shared	0.0	0.0	1.0	0.0	0.0	0.0
Mobile Home	2000s	Propane	Only Heating Shared	0.0	0.0	0.0	1.0	0.0	0.0
Mobile Home	2010s	Propane	Both Shared	0.0	0.5	0.0	0.0	0.5	0.0
Mobile Home	2010s	Propane	Neither Shared	1.0	0.0	0.0	0.0	0.0	0.002484480000000001
Mobile Home	2010s	Propane	Only Cooling Shared	0.0	0.0	1.0	0.0	0.0	0.0
Mobile Home	2010s	Propane	Only Heating Shared	0.0	0.0	0.0	1.0	0.0	0.0
Multi-Family with 2 - 4 Units	<1940	Propane	Both Shared	0.0	0.5	0.0	0.0	0.5	0.0
Multi-Family with 2 - 4 Units	<1940	Propane	Neither Shared	1.0	0.0	0.0	0.0	0.0	0.002017502108160001
Multi-Family with 2 - 4 Units	<1940	Propane	Only Cooling Shared	0.0	0.0	1.0	0.0	0.0	0.0
Multi-Family with 2 - 4 Units	<1940	Propane	Only Heating Shared	0.0	0.0	0.0	1.0	0.0	0.00046697789184000016
Multi-Family with 2 - 4 Units	1940s	Propane	Both Shared	0.0	0.5	0.0	0.0	0.5	0.0
Multi-Family with 2 - 4 Units	1940s	Propane	Neither Shared	1.0	0.0	0.0	0.0	0.0	0.004035004216320001
Multi-Family with 2 - 4 Units	1940s	Propane	Only Cooling Shared	0.0	0.0	1.0	0.0	0.0	0.0
Multi-Family with 2 - 4 Units	1940s	Propane	Only Heating Shared	0.0	0.0	0.0	1.0	0.0	0.00093395578368
Multi-Family with 2 - 4 Units	1950s	Propane	Both Shared	0.0	0.5	0.0	0.0	0.5	0.0
Multi-Family with 2 - 4 Units	1950s	Propane	Neither Shared	1.0	0.0	0.0	0.0	0.0	0.002484480000000001
Multi-Family with 2 - 4 Units	1950s	Propane	Only Cooling Shared	0.0	0.0	1.0	0.0	0.0	0.0
Multi-Family with 2 - 4 Units	1950s	Propane	Only Heating Shared	0.0	0.0	0.0	1.0	0.0	0.0
Multi-Family with 2 - 4 Units	1960s	Propane	Both Shared	0.0	0.5	0.0	0.0	0.5	0.0
Multi-Family with 2 - 4 Units	1960s	Propane	Neither Shared	1.0	0.0	0.0	0.0	0.0	0.002484480000000001
Multi-Family with 2 - 4 Units	1960s	Propane	Only Cooling Shared	0.0	0.0	1.0	0.0	0.0	0.0
Multi-Family with 2 - 4 Units	1960s	Propane	Only Heating Shared	0.0	0.0	0.0	1.0	0.0	0.0
Multi-Family with 2 - 4 Units	1970s	Propane	Both Shared	0.0	0.5	0.0	0.0	0.5	0.0
Multi-Family with 2 - 4 Units	1970s	Propane	Neither Shared	1.0	0.0	0.0	0.0	0.0	0.0016563208281600008
Multi-Family with 2 - 4 Units	1970s	Propane	Only Cooling Shared	0.0	0.0	1.0	0.0	0.0	0.0008281591718400003
Multi-Family with 2 - 4 Units	1970s	Propane	Only Heating Shared	0.0	0.0	0.0	1.0	0.0	0.0
Multi-Family with 2 - 4 Units	1980s	Propane	Both Shared	0.0	0.5	0.0	0.0	0.5	0.0
Multi-Family with 2 - 4 Units	1980s	Propane	Neither Shared	1.0	0.0	0.0	0.0	0.0	0.002484480000000001
Multi-Family with 2 - 4 Units	1980s	Propane	Only Cooling Shared	0.0	0.0	1.0	0.0	0.0	0.0
Multi-Family with 2 - 4 Units	1980s	Propane	Only Heating Shared	0.0	0.0	0.0	1.0	0.0	0.0
Multi-Family with 2 - 4 Units	1990s	Propane	Both Shared	0.0	0.5	0.0	0.0	0.5	0.0
Multi-Family with 2 - 4 Units	1990s	Propane	Neither Shared	1.0	0.0	0.0	0.0	0.0	0.0
Multi-Family with 2 - 4 Units	1990s	Propane	Only Cooling Shared	0.0	0.0	1.0	0.0	0.0	0.0
Multi-Family with 2 - 4 Units	1990s	Propane	Only Heating Shared	0.0	0.0	0.0	1.0	0.0	0.002484480000000001
Multi-Family with 2 - 4 Units	2000s	Propane	Both Shared	0.0	0.5	0.0	0.0	0.5	0.0
Multi-Family with 2 - 4 Units	2000s	Propane	Neither Shared	1.0	0.0	0.0	0.0	0.0	0.002484480000000001
Multi-Family with 2 - 4 Units	2000s	Propane	Only Cooling Shared	0.0	0.0	1.0	0.0	0.0	0.0
Multi-Family with 2 - 4 Units	2000s	Propane	Only Heating Shared	0.0	0.0	0.0	1.0	0.0	0.0
Multi-Family with 2 - 4 Units	2010s	Propane	Both Shared	0.0	0.5	0.0	0.0	0.5	0.0
Multi-Family with 2 - 4 Units	2010s	Propane	Neither Shared	1.0	0.0	0.0	0.0	0.0	0.002484480000000001
Multi-Family with 2 - 4 Units	2010s	Propane	Only Cooling Shared	0.0	0.0	1.0	0.0	0.0	0.0
Multi-Family with 2 - 4 Units	2010s	Propane	Only Heating Shared	0.0	0.0	0.0	1.0	0.0	0.0
Multi-Family with 5+ Units	<1940	Propane	Both Shared	0.0	0.5	0.0	0.0	0.5	0.0
Multi-Family with 5+ Units	<1940	Propane	Neither Shared	1.0	0.0	0.0	0.0	0.0	0.0
Multi-Family with 5+ Units	<1940	Propane	Only Cooling Shared	0.0	0.0	1.0	0.0	0.0	0.0
Multi-Family with 5+ Units	<1940	Propane	Only Heating Shared	0.0	0.0	0.0	1.0	0.0	0.002484480000000001
Multi-Family with 5+ Units	1940s	Propane	Both Shared	0.0	0.5	0.0	0.0	0.5	0.0
Multi-Family with 5+ Units	1940s	Propane	Neither Shared	1.0	0.0	0.0	0.0	0.0	0.0
Multi-Family with 5+ Units	1940s	Propane	Only Cooling Shared	0.0	0.0	1.0	0.0	0.0	0.0
Multi-Family with 5+ Units	1940s	Propane	Only Heating Shared	0.0	0.0	0.0	1.0	0.0	0.0049689600000000006
Multi-Family with 5+ Units	1950s	Propane	Both Shared	0.0	0.5	0.0	0.0	0.5	0.0
Multi-Family with 5+ Units	1950s	Propane	Neither Shared	1.0	0.0	0.0	0.0	0.0	0.002484480000000001
Multi-Family with 5+ Units	1950s	Propane	Only Cooling Shared	0.0	0.0	1.0	0.0	0.0	0.0
Multi-Family with 5+ Units	1950s	Propane	Only Heating Shared	0.0	0.0	0.0	1.0	0.0	0.0
Multi-Family with 5+ Units	1960s	Propane	Both Shared	0.0	0.5	0.0	0.0	0.5	0.0
Multi-Family with 5+ Units	1960s	Propane	Neither Shared	1.0	0.0	0.0	0.0	0.0	0.0
Multi-Family with 5+ Units	1960s	Propane	Only Cooling Shared	0.0	0.0	1.0	0.0	0.0	0.0
Multi-Family with 5+ Units	1960s	Propane	Only Heating Shared	0.0	0.0	0.0	1.0	0.0	0.002484480000000001
Multi-Family with 5+ Units	1970s	Propane	Both Shared	0.0	0.5	0.0	0.0	0.5	0.0
Multi-Family with 5+ Units	1970s	Propane	Neither Shared	1.0	0.0	0.0	0.0	0.0	0.0
Multi-Family with 5+ Units	1970s	Propane	Only Cooling Shared	0.0	0.0	1.0	0.0	0.0	0.0
Multi-Family with 5+ Units	1970s	Propane	Only Heating Shared	0.0	0.0	0.0	1.0	0.0	0.002484480000000001
Multi-Family with 5+ Units	1980s	Propane	Both Shared	0.0	0.5	0.0	0.0	0.5	0.0
Multi-Family with 5+ Units	1980s	Propane	Neither Shared	1.0	0.0	0.0	0.0	0.0	0.002484480000000001
Multi-Family with 5+ Units	1980s	Propane	Only Cooling Shared	0.0	0.0	1.0	0.0	0.0	0.0
Multi-Family with 5+ Units	1980s	Propane	Only Heating Shared	0.0	0.0	0.0	1.0	0.0	0.0
Multi-Family with 5+ Units	1990s	Propane	Both Shared	0.0	0.5	0.0	0.0	0.5	0.0012880339353600007
Multi-Family with 5+ Units	1990s	Propane	Neither Shared	1.0	0.0	0.0	0.0	0.0	0.0
Multi-Family with 5+ Units	1990s	Propane	Only Cooling Shared	0.0	0.0	1.0	0.0	0.0	0.0
Multi-Family with 5+ Units	1990s	Propane	Only Heating Shared	0.0	0.0	0.0	1.0	0.0	0.001196446064640001
Multi-Family with 5+ Units	2000s	Propane	Both Shared	0.0	0.5	0.0	0.0	0.5	0.002484480000000001
Multi-Family with 5+ Units	2000s	Propane	Neither Shared	1.0	0.0	0.0	0.0	0.0	0.0
Multi-Family with 5+ Units	2000s	Propane	Only Cooling Shared	0.0	0.0	1.0	0.0	0.0	0.0
Multi-Family with 5+ Units	2000s	Propane	Only Heating Shared	0.0	0.0	0.0	1.0	0.0	0.0
Multi-Family with 5+ Units	2010s	Propane	Both Shared	0.0	0.5	0.0	0.0	0.5	0.002484480000000001
Multi-Family with 5+ Units	2010s	Propane	Neither Shared	1.0	0.0	0.0	0.0	0.0	0.0
Multi-Family with 5+ Units	2010s	Propane	Only Cooling Shared	0.0	0.0	1.0	0.0	0.0	0.0
Multi-Family with 5+ Units	2010s	Propane	Only Heating Shared	0.0	0.0	0.0	1.0	0.0	0.0
Single-Family Attached	<1940	Propane	Both Shared	0.0	0.5	0.0	0.0	0.5	0.0
Single-Family Attached	<1940	Propane	Neither Shared	1.0	0.0	0.0	0.0	0.0	0.002484480000000001
Single-Family Attached	<1940	Propane	Only Cooling Shared	0.0	0.0	1.0	0.0	0.0	0.0
Single-Family Attached	<1940	Propane	Only Heating Shared	0.0	0.0	0.0	1.0	0.0	0.0
Single-Family Attached	1940s	Propane	Both Shared	0.0	0.5	0.0	0.0	0.5	0.0
Single-Family Attached	1940s	Propane	Neither Shared	1.0	0.0	0.0	0.0	0.0	0.0049689600000000006
Single-Family Attached	1940s	Propane	Only Cooling Shared	0.0	0.0	1.0	0.0	0.0	0.0
Single-Family Attached	1940s	Propane	Only Heating Shared	0.0	0.0	0.0	1.0	0.0	0.0
Single-Family Attached	1950s	Propane	Both Shared	0.0	0.5	0.0	0.0	0.5	0.0
Single-Family Attached	1950s	Propane	Neither Shared	1.0	0.0	0.0	0.0	0.0	0.002484480000000001
Single-Family Attached	1950s	Propane	Only Cooling Shared	0.0	0.0	1.0	0.0	0.0	0.0
Single-Family Attached	1950s	Propane	Only Heating Shared	0.0	0.0	0.0	1.0	0.0	0.0
Single-Family Attached	1960s	Propane	Both Shared	0.0	0.5	0.0	0.0	0.5	0.0
Single-Family Attached	1960s	Propane	Neither Shared	1.0	0.0	0.0	0.0	0.0	0.002484480000000001
Single-Family Attached	1960s	Propane	Only Cooling Shared	0.0	0.0	1.0	0.0	0.0	0.0
Single-Family Attached	1960s	Propane	Only Heating Shared	0.0	0.0	0.0	1.0	0.0	0.0
Single-Family Attached	1970s	Propane	Both Shared	0.0	0.5	0.0	0.0	0.5	0.0
Single-Family Attached	1970s	Propane	Neither Shared	1.0	0.0	0.0	0.0	0.0	0.002484480000000001
Single-Family Attached	1970s	Propane	Only Cooling Shared	0.0	0.0	1.0	0.0	0.0	0.0
Single-Family Attached	1970s	Propane	Only Heating Shared	0.0	0.0	0.0	1.0	0.0	0.0
Single-Family Attached	1980s	Propane	Both Shared	0.0	0.5	0.0	0.0	0.5	0.0
Single-Family Attached	1980s	Propane	Neither Shared	1.0	0.0	0.0	0.0	0.0	0.0009612701568
Single-Family Attached	1980s	Propane	Only Cooling Shared	0.0	0.0	1.0	0.0	0.0	0.0
Single-Family Attached	1980s	Propane	Only Heating Shared	0.0	0.0	0.0	1.0	0.0	0.0015232098432
Single-Family Attached	1990s	Propane	Both Shared	0.0	0.5	0.0	0.0	0.5	0.00065186544
Single-Family Attached	1990s	Propane	Neither Shared	1.0	0.0	0.0	0.0	0.0	0.00183261456
Single-Family Attached	1990s	Propane	Only Cooling Shared	0.0	0.0	1.0	0.0	0.0	0.0
Single-Family Attached	1990s	Propane	Only Heating Shared	0.0	0.0	0.0	1.0	0.0	0.0
Single-Family Attached	2000s	Propane	Both Shared	0.0	0.5	0.0	0.0	0.5	0.0
Single-Family Attached	2000s	Propane	Neither Shared	1.0	0.0	0.0	0.0	0.0	0.00104191140864
Single-Family Attached	2000s	Propane	Only Cooling Shared	0.0	0.0	1.0	0.0	0.0	0.0
Single-Family Attached	2000s	Propane	Only Heating Shared	0.0	0.0	0.0	1.0	0.0	0.00144256859136
Single-Family Attached	2010s	Propane	Both Shared	0.0	0.5	0.0	0.0	0.5	0.0
Single-Family Attached	2010s	Propane	Neither Shared	1.0	0.0	0.0	0.0	0.0	0.00104191140864
Single-Family Attached	2010s	Propane	Only Cooling Shared	0.0	0.0	1.0	0.0	0.0	0.0
Single-Family Attached	2010s	Propane	Only Heating Shared	0.0	0.0	0.0	1.0	0.0	0.00144256859136
Single-Family Detached	<1940	Propane	Both Shared	0.0	0.5	0.0	0.0	0.5	0.0
Single-Family Detached	<1940	Propane	Neither Shared	1.0	0.0	0.0	0.0	0.0	0.002484480000000001
Single-Family Detached	<1940	Propane	Only Cooling Shared	0.0	0.0	1.0	0.0	0.0	0.0
Single-Family Detached	<1940	Propane	Only Heating Shared	0.0	0.0	0.0	1.0	0.0	0.0
Single-Family Detached	1940s	Propane	Both Shared	0.0	0.5	0.0	0.0	0.5	0.0
Single-Family Detached	1940s	Propane	Neither Shared	1.0	0.0	0.0	0.0	0.0	0.0049689600000000006
Single-Family Detached	1940s	Propane	Only Cooling Shared	0.0	0.0	1.0	0.0	0.0	0.0
Single-Family Detached	1940s	Propane	Only Heating Shared	0.0	0.0	0.0	1.0	0.0	0.0
Single-Family Detached	1950s	Propane	Both Shared	0.0	0.5	0.0	0.0	0.5	0.0
Single-Family Detached	1950s	Propane	Neither Shared	1.0	0.0	0.0	0.0	0.0	0.002484480000000001
Single-Family Detached	1950s	Propane	Only Cooling Shared	0.0	0.0	1.0	0.0	0.0	0.0
Single-Family Detached	1950s	Propane	Only Heating Shared	0.0	0.0	0.0	1.0	0.0	0.0
Single-Family Detached	1960s	Propane	Both Shared	0.0	0.5	0.0	0.0	0.5	0.0
Single-Family Detached	1960s	Propane	Neither Shared	1.0	0.0	0.0	0.0	0.0	0.002484480000000001
Single-Family Detached	1960s	Propane	Only Cooling Shared	0.0	0.0	1.0	0.0	0.0	0.0
Single-Family Detached	1960s	Propane	Only Heating Shared	0.0	0.0	0.0	1.0	0.0	0.0
Single-Family Detached	1970s	Propane	Both Shared	0.0	0.5	0.0	0.0	0.5	0.0
Single-Family Detached	1970s	Propane	Neither Shared	1.0	0.0	0.0	0.0	0.0	0.002484480000000001
Single-Family Detached	1970s	Propane	Only Cooling Shared	0.0	0.0	1.0	0.0	0.0	0.0
Single-Family Detached	1970s	Propane	Only Heating Shared	0.0	0.0	0.0	1.0	0.0	0.0
Single-Family Detached	1980s	Propane	Both Shared	0.0	0.5	0.0	0.0	0.5	0.0
Single-Family Detached	1980s	Propane	Neither Shared	1.0	0.0	0.0	0.0	0.0	0.002484480000000001
Single-Family Detached	1980s	Propane	Only Cooling Shared	0.0	0.0	1.0	0.0	0.0	0.0
Single-Family Detached	1980s	Propane	Only Heating Shared	0.0	0.0	0.0	1.0	0.0	0.0
Single-Family Detached	1990s	Propane	Both Shared	0.0	0.5	0.0	0.0	0.5	0.0
Single-Family Detached	1990s	Propane	Neither Shared	1.0	0.0	0.0	0.0	0.0	0.002484480000000001
Single-Family Detached	1990s	Propane	Only Cooling Shared	0.0	0.0	1.0	0.0	0.0	0.0
Single-Family Detached	1990s	Propane	Only Heating Shared	0.0	0.0	0.0	1.0	0.0	0.0
Single-Family Detached	2000s	Propane	Both Shared	0.0	0.5	0.0	0.0	0.5	0.0
Single-Family Detached	2000s	Propane	Neither Shared	1.0	0.0	0.0	0.0	0.0	0.002484480000000001
Single-Family Detached	2000s	Propane	Only Cooling Shared	0.0	0.0	1.0	0.0	0.0	0.0
Single-Family Detached	2000s	Propane	Only Heating Shared	0.0	0.0	0.0	1.0	0.0	0.0
Single-Family Detached	2010s	Propane	Both Shared	0.0	0.5	0.0	0.0	0.5	0.0
Single-Family Detached	2010s	Propane	Neither Shared	1.0	0.0	0.0	0.0	0.0	0.002484480000000001
Single-Family Detached	2010s	Propane	Only Cooling Shared	0.0	0.0	1.0	0.0	0.0	0.0
Single-Family Detached	2010s	Propane	Only Heating Shared	0.0	0.0	0.0	1.0	0.0	0.0
